Date,Price,Open,High,Low,Vol.,Change %
1/2/2019,21479,21792,21974,21453,801.49K,-2.37%
1/3/2019,21270,21609,21609,21218,1.25M,-0.97%
1/4/2019,21427,21166,21609,21114,556.13K,0.74%
1/7/2019,21792,21792,21948,21687,713.07K,1.70%
1/8/2019,21896,21792,21896,21739,516.13K,0.48%
1/9/2019,22104,21948,22209,21844,539.49K,0.95%
1/10/2019,21974,22104,22183,21974,361.94K,-0.59%
1/11/2019,22000,22104,22183,21922,1.04M,0.12%
1/14/2019,22157,22052,22209,21896,695.49K,0.71%
1/15/2019,22313,22052,22313,22052,592.63K,0.71%
1/16/2019,22183,22417,22417,22183,325.73K,-0.58%
1/17/2019,21896,22157,22287,21896,662.97K,-1.29%
1/18/2019,21896,21948,22157,21896,396.54K,0.00%
1/21/2019,22157,22000,22313,22000,432.58K,1.19%
1/22/2019,22078,22157,22287,22078,246.98K,-0.35%
1/23/2019,22078,22052,22104,21974,337.72K,0.00%
1/24/2019,22130,22104,22209,22078,409.31K,0.24%
1/25/2019,22104,22104,22209,22052,372.65K,-0.12%
1/28/2019,21948,22157,22157,21948,377.65K,-0.71%
1/29/2019,22157,22104,22157,21896,751.66K,0.95%
1/30/2019,22521,22157,22626,22104,1.20M,1.65%
1/31/2019,22521,22574,22626,22365,902.98K,0.00%
2/1/2019,22209,22521,22521,21635,1.05M,-1.39%
2/11/2019,23017,22417,23095,22261,1.75M,3.64%
2/12/2019,22886,22939,23251,22886,1.22M,-0.57%
2/13/2019,23225,22939,23460,22939,1.96M,1.48%
2/14/2019,23069,23277,23408,23069,1.08M,-0.67%
2/15/2019,23043,23069,23173,22939,1.13M,-0.11%
2/18/2019,23147,23199,23251,22991,534.73K,0.45%
2/19/2019,23147,23303,23538,23095,2.57M,0.00%
2/20/2019,23382,23095,23486,23095,871.86K,1.01%
2/21/2019,23356,23303,23408,23095,1.31M,-0.11%
2/22/2019,23564,23356,23668,23147,2.17M,0.89%
2/25/2019,23721,23747,24085,23694,1.79M,0.66%
2/26/2019,23564,23773,23773,23460,1.16M,-0.66%
2/27/2019,23512,23564,23694,23408,847.80K,-0.22%
2/28/2019,23043,23512,23512,23043,2.40M,-2.00%
3/1/2019,23251,23225,23251,23017,1.03M,0.90%
3/4/2019,23460,23251,23564,23251,1.41M,0.90%
3/5/2019,23408,23460,23564,23356,1.44M,-0.22%
3/6/2019,23251,23434,23512,23173,1.21M,-0.67%
3/7/2019,23330,23251,23460,23251,653.49K,0.34%
3/8/2019,23277,23303,23356,23173,1.21M,-0.22%
3/11/2019,23199,23277,23382,23173,636.34K,-0.34%
3/12/2019,24242,23330,24242,23330,3.37M,4.49%
3/13/2019,24085,24242,24346,24085,1.75M,-0.65%
3/14/2019,24112,24085,24242,23981,931.30K,0.11%
3/15/2019,23981,24112,24138,23851,1.82M,-0.54%
3/18/2019,24085,24138,24216,23955,1.74M,0.43%
3/19/2019,23825,24085,24138,23825,1.60M,-1.08%
3/20/2019,23694,23773,23929,23590,1.39M,-0.55%
3/21/2019,23512,23877,23877,23512,1.44M,-0.77%
3/22/2019,23486,23512,23668,23486,1.20M,-0.11%
3/25/2019,23147,23043,23460,23043,1.11M,-1.44%
3/26/2019,23330,23460,23460,23199,674.05K,0.79%
3/27/2019,23460,23356,23512,23356,1.03M,0.56%
3/28/2019,23538,23330,23642,23330,632.57K,0.33%
3/29/2019,23721,23773,23773,23616,779.89K,0.78%
4/1/2019,23877,23929,23929,23721,571.72K,0.66%
4/2/2019,23981,23877,24346,23877,2.36M,0.44%
4/3/2019,24607,24190,24607,23981,1.81M,2.61%
4/4/2019,24920,24763,25128,24633,3.00M,1.27%
4/5/2019,24920,24920,24972,24737,1.07M,0.00%
4/8/2019,24920,24841,25024,24737,790.21K,0.00%
4/9/2019,24659,24920,25285,24659,1.77M,-1.05%
4/10/2019,24450,24503,24659,24372,1.28M,-0.85%
4/11/2019,24503,24450,24763,24424,628.30K,0.21%
4/12/2019,25128,24424,25232,24424,1.53M,2.55%
4/16/2019,24972,24763,25128,24763,1.58M,-0.62%
4/17/2019,25285,25180,25806,25128,3.42M,1.25%
4/18/2019,25285,25285,25676,25050,1.70M,0.00%
4/19/2019,25258,25389,25493,25232,792.51K,-0.10%
4/22/2019,24972,25285,25285,24920,1.44M,-1.14%
4/23/2019,24972,24972,25258,24763,959.09K,0.00%
4/24/2019,25311,25285,25363,25076,1.49M,1.36%
4/25/2019,25441,25285,25623,25258,1.69M,0.51%
4/26/2019,25832,25493,25936,25441,1.51M,1.54%
5/2/2019,25988,25962,26171,25884,1.54M,0.61%
5/3/2019,26067,26014,26067,25858,1.85M,0.30%
5/6/2019,25415,25545,25754,25258,2.54M,-2.50%
5/7/2019,25910,25597,25910,25571,1.91M,1.95%
5/8/2019,25884,25702,25910,25545,1.67M,-0.10%
5/9/2019,25337,25858,25884,25337,1.50M,-2.11%
5/10/2019,25545,25545,25676,25415,1.79M,0.82%
5/13/2019,25806,25545,25962,25545,1.48M,1.02%
5/14/2019,26171,25754,26484,25597,2.72M,1.41%
5/15/2019,26275,26327,26379,26119,2.69M,0.40%
5/16/2019,25884,26275,26431,25884,3.30M,-1.49%
5/17/2019,25966,26287,26287,25878,2.36M,0.32%
5/20/2019,26433,25995,26462,25995,2.84M,1.80%
5/21/2019,26813,26579,26901,26492,1.61M,1.44%
5/22/2019,26433,26842,26959,26433,2.48M,-1.42%
5/23/2019,26696,26433,26755,26404,2.01M,0.99%
5/24/2019,26638,26579,26842,26433,1.61M,-0.22%
5/27/2019,26433,26462,26550,26083,2.00M,-0.77%
5/28/2019,26200,26287,26521,26141,822.81K,-0.88%
5/29/2019,25761,26200,26200,25703,2.39M,-1.67%
5/30/2019,26024,25761,26112,25645,1.57M,1.02%
5/31/2019,25761,26054,26170,25761,971.02K,-1.01%
6/3/2019,25411,25703,25761,25411,1.40M,-1.36%
6/4/2019,25294,25411,25528,25265,852.47K,-0.46%
6/5/2019,25469,25411,25645,25411,793.66K,0.69%
6/6/2019,25995,25586,26112,25469,1.46M,2.06%
6/7/2019,26404,26170,26433,26112,2.07M,1.57%
6/10/2019,26346,26579,26696,26170,1.95M,-0.22%
6/11/2019,26404,26346,26638,26229,2.06M,0.22%
6/12/2019,26316,26404,26638,26287,2.04M,-0.33%
6/13/2019,26024,26316,26346,25995,1.36M,-1.11%
6/14/2019,25937,26054,26229,25937,888.40K,-0.34%
6/17/2019,25732,25761,25995,25645,1.61M,-0.79%
6/18/2019,25732,25907,25966,25557,1.21M,0.00%
6/19/2019,26083,25878,26112,25820,842.41K,1.36%
6/20/2019,26521,26200,26521,26083,2.15M,1.68%
6/21/2019,26521,26579,26638,26433,1.38M,0.00%
6/24/2019,26375,26521,26550,26375,1.15M,-0.55%
6/25/2019,27163,26287,27193,26170,5.19M,2.99%
6/26/2019,26959,27163,27163,26930,1.61M,-0.75%
6/27/2019,26521,26901,26930,26462,1.94M,-1.63%
6/28/2019,26579,26521,26871,26229,3.93M,0.22%
7/1/2019,27514,26871,27514,26813,4.05M,3.52%
7/2/2019,27397,27456,27748,27251,2.54M,-0.42%
7/3/2019,27339,27280,27397,27193,2.02M,-0.21%
7/4/2019,27426,27456,27572,27339,2.02M,0.32%
7/5/2019,27222,27339,27456,27105,1.81M,-0.75%
7/8/2019,27047,27163,27397,26901,2.07M,-0.64%
7/9/2019,27309,27047,27368,26930,1.58M,0.97%
7/10/2019,27485,27426,27718,27339,2.03M,0.64%
7/11/2019,27456,27543,27602,27339,1.36M,-0.11%
7/12/2019,27456,27514,27718,27339,1.97M,0.00%
7/15/2019,27631,27426,27777,27368,1.87M,0.64%
7/16/2019,27631,27660,27923,27602,1.84M,0.00%
7/17/2019,27485,27631,27748,27456,2.05M,-0.53%
7/18/2019,27339,27456,27514,27339,1.64M,-0.53%
7/19/2019,28156,27426,28215,27397,4.46M,2.99%
7/22/2019,28244,28156,28419,28010,2.79M,0.31%
7/23/2019,28507,28332,28507,28098,1.51M,0.93%
7/24/2019,28390,28828,28857,28390,3.10M,-0.41%
7/25/2019,28419,28390,28595,28332,1.84M,0.10%
7/26/2019,28507,28332,28507,28244,1.66M,0.31%
7/29/2019,28390,28507,28507,28156,1.79M,-0.41%
7/30/2019,27923,28390,28390,27864,3.32M,-1.65%
7/31/2019,28273,27923,28273,27748,1.76M,1.26%
8/1/2019,28244,28273,28390,28156,1.53M,-0.10%
8/2/2019,28507,28069,28624,27952,2.30M,0.93%
8/5/2019,28624,28624,29091,28507,3.69M,0.41%
8/6/2019,28595,28156,28799,28156,2.07M,-0.10%
8/7/2019,29062,28624,29062,28595,1.98M,1.63%
8/8/2019,29383,29120,29558,29120,3.31M,1.11%
8/9/2019,29851,29383,30026,29208,2.78M,1.59%
8/12/2019,30552,29851,30727,29617,2.89M,2.35%
8/13/2019,30668,30435,31077,30201,3.55M,0.38%
8/14/2019,31077,30960,31369,30844,3.50M,1.33%
8/15/2019,31554,30899,31554,30601,3.53M,1.53%
8/16/2019,30958,31554,32804,30958,7.19M,-1.89%
8/19/2019,31196,30958,31375,30482,4.52M,0.77%
8/20/2019,32149,31196,32149,31196,3.61M,3.05%
8/21/2019,31911,32208,32447,31792,2.87M,-0.74%
8/22/2019,31554,31911,32328,31494,3.00M,-1.12%
8/23/2019,32387,31613,32387,31315,2.96M,2.64%
8/26/2019,31970,31851,32268,31851,2.79M,-1.29%
8/27/2019,31434,32149,32328,31434,2.49M,-1.68%
8/28/2019,31018,31554,31673,31018,2.44M,-1.33%
8/29/2019,31375,31077,31434,30899,1.54M,1.15%
8/30/2019,31613,31554,31792,31494,1.12M,0.76%
9/3/2019,31970,31554,32149,31554,2.16M,1.13%
9/4/2019,31673,31970,32268,31554,2.63M,-0.93%
9/5/2019,31315,31792,31851,31315,1.97M,-1.13%
9/6/2019,31494,31494,31673,31137,1.81M,0.57%
9/9/2019,32030,31554,32387,31256,3.98M,1.70%
9/10/2019,32149,32268,32387,31911,2.75M,0.37%
9/11/2019,32208,32149,32268,31792,1.87M,0.19%
9/12/2019,33637,32387,33637,32387,6.03M,4.44%
9/13/2019,33816,33637,34173,33518,3.37M,0.53%
9/16/2019,34352,33875,34530,33756,2.13M,1.58%
9/17/2019,34292,34114,34590,33994,1.90M,-0.17%
9/18/2019,33578,34471,34471,33518,4.11M,-2.08%
9/19/2019,34411,33697,34411,33459,2.27M,2.48%
9/20/2019,34649,34352,35007,34292,2.22M,0.69%
9/23/2019,33637,34530,34709,33637,3.67M,-2.92%
9/24/2019,33459,33578,33935,33221,4.03M,-0.53%
9/25/2019,34173,33518,34173,33399,2.29M,2.14%
9/26/2019,34352,34352,34530,34054,1.58M,0.52%
9/27/2019,34828,34292,35007,34173,3.98M,1.39%
9/30/2019,34352,35304,35423,34352,3.49M,-1.37%
10/1/2019,34828,34352,34828,34292,2.61M,1.39%
10/2/2019,34054,34828,34888,34054,3.87M,-2.22%
10/3/2019,34054,33697,34173,33578,4.45M,0.00%
10/4/2019,33816,34233,34233,33756,2.02M,-0.70%
10/7/2019,33042,33816,34054,33042,3.76M,-2.29%
10/8/2019,33399,33042,33459,32863,2.12M,1.08%
10/9/2019,33578,33518,33935,33221,1.49M,0.53%
10/10/2019,33578,33697,33935,33578,1.28M,0.00%
10/11/2019,33637,33756,33875,33578,1.26M,0.18%
10/14/2019,34352,33935,34649,33816,3.54M,2.12%
10/15/2019,34173,34411,34411,34173,1.05M,-0.52%
10/16/2019,34233,34411,34530,34173,1.32M,0.17%
10/17/2019,33756,34173,34233,33697,2.57M,-1.39%
10/18/2019,33994,33816,34292,33697,2.30M,0.71%
10/21/2019,33637,34173,34173,33518,2.00M,-1.05%
10/22/2019,33518,33637,33697,33161,2.44M,-0.35%
10/23/2019,33578,33340,33935,33340,1.19M,0.18%
10/24/2019,34649,33816,34649,33578,3.55M,3.19%
10/25/2019,34530,34709,34828,34352,2.15M,-0.34%
10/28/2019,34590,34530,35007,34411,2.37M,0.17%
10/29/2019,34471,34649,34709,34411,1.51M,-0.34%
10/30/2019,34411,34471,34590,34292,1.75M,-0.17%
10/31/2019,34471,34530,34947,34411,2.01M,0.17%
11/1/2019,34828,34530,34947,34292,2.75M,1.04%
11/4/2019,35661,34947,36019,34947,9.22M,2.39%
11/5/2019,35602,35781,35781,35364,1.97M,-0.17%
11/6/2019,35423,35602,35959,35423,2.46M,-0.50%
11/7/2019,35423,35423,35661,35245,2.28M,0.00%
11/8/2019,35483,35602,35602,35245,1.94M,0.17%
11/11/2019,35721,35542,36078,35423,3.46M,0.67%
11/12/2019,36316,35721,36495,35721,4.51M,1.67%
11/13/2019,36019,36435,36495,36019,2.12M,-0.82%
11/14/2019,34709,36019,36316,34233,7.62M,-3.64%
11/15/2019,34888,34709,35007,34352,4.08M,0.51%
11/18/2019,34233,34768,35007,33994,4.44M,-1.88%
11/19/2019,34709,34233,34709,34233,1.68M,1.39%
11/20/2019,33816,34649,34649,33697,3.64M,-2.57%
11/21/2019,33340,33816,33994,33280,5.24M,-1.41%
11/22/2019,33340,33518,33994,33042,2.58M,0.00%
11/25/2019,33697,33399,33935,33221,1.73M,1.07%
11/26/2019,33994,33935,34054,33816,1.54M,0.88%
11/27/2019,33935,34054,34173,33875,1.29M,-0.18%
11/28/2019,33340,33875,33875,33221,2.18M,-1.75%
11/29/2019,33578,33340,33816,33221,1.17M,0.71%
12/2/2019,32506,33637,33637,32506,3.16M,-3.19%
12/3/2019,32447,32268,32863,31732,2.57M,-0.18%
12/4/2019,32982,32447,33042,32149,1.48M,1.65%
12/5/2019,32685,33042,33221,32625,1.82M,-0.90%
12/6/2019,32744,32744,32982,32566,882.63K,0.18%
12/9/2019,32923,32863,33221,32744,1.11M,0.55%
12/10/2019,33042,32923,33221,32625,1.26M,0.36%
12/11/2019,33637,33042,33697,32863,1.39M,1.80%
12/12/2019,33935,33816,34054,33756,1.50M,0.89%
12/13/2019,33994,34054,34233,33875,2.67M,0.18%
12/16/2019,33637,33994,33994,33578,1.54M,-1.05%
12/17/2019,32982,33459,33578,32804,3.51M,-1.95%
12/18/2019,33042,32982,33340,32744,1.62M,0.18%
12/19/2019,33221,33042,33459,32982,1.30M,0.54%
12/20/2019,33637,33340,33756,33221,1.23M,1.25%
12/23/2019,33399,33875,33935,33340,1.22M,-0.71%
12/24/2019,33578,33578,33637,33399,1.10M,0.53%
12/25/2019,34233,33578,34471,33578,2.55M,1.95%
12/26/2019,34173,34411,34590,34173,1.78M,-0.17%
12/27/2019,34292,34173,34411,33816,1.59M,0.35%
12/30/2019,34888,34411,35066,34292,4.57M,1.74%
12/31/2019,34709,34888,34947,34530,1.09M,-0.51%
1/2/2020,34888,34709,35126,34530,1.42M,0.51%
1/3/2020,34292,35066,35185,34173,3.25M,-1.71%
1/6/2020,33935,33994,34292,33816,1.73M,-1.04%
1/7/2020,34590,34114,34590,33935,1.33M,1.93%
1/8/2020,33816,34233,34352,33816,2.88M,-2.24%
1/9/2020,34292,34114,34352,33994,1.53M,1.41%
1/10/2020,34233,34233,34411,33994,1.62M,-0.17%
1/13/2020,33994,34173,34292,33935,1.25M,-0.70%
1/14/2020,33935,33994,34173,33935,1.15M,-0.18%
1/15/2020,33935,33935,33994,33816,1.49M,0.00%
1/16/2020,34530,33935,34649,33935,3.08M,1.75%
1/17/2020,34292,34530,34590,33935,2.20M,-0.69%
1/20/2020,34173,34233,34530,34054,1.95M,-0.35%
1/21/2020,33042,34411,34530,33042,6.91M,-3.31%
1/22/2020,33637,32744,33637,32566,5.02M,1.80%
1/30/2020,32566,32923,33221,32089,4.19M,-3.19%
1/31/2020,30958,32149,32685,30958,6.54M,-4.94%
2/3/2020,30661,29529,31256,29172,5.72M,-0.96%
2/4/2020,30839,31196,31196,30363,2.62M,0.58%
2/5/2020,30958,31137,31434,30958,2.62M,0.39%
2/6/2020,31911,31256,31911,30839,2.71M,3.08%
2/7/2020,31732,31554,31851,31434,1.93M,-0.56%
2/10/2020,31315,31196,31554,31018,1.17M,-1.31%
2/11/2020,31911,31494,31970,31375,1.72M,1.90%
2/12/2020,32208,32030,32566,31970,1.75M,0.93%
2/13/2020,32328,32208,32447,31970,1.64M,0.37%
2/14/2020,32447,32208,32447,32149,1.40M,0.37%
2/17/2020,32268,32506,32506,32149,1.15M,-0.55%
2/18/2020,33340,32387,33340,32328,2.79M,3.32%
2/19/2020,33161,33280,33459,33042,1.08M,-0.54%
2/20/2020,33221,33399,33578,33042,1.24M,0.18%
2/21/2020,32566,33280,33280,32566,2.31M,-1.97%
2/24/2020,31256,31613,32089,31256,3.59M,-4.02%
2/25/2020,32149,31018,32149,30958,2.23M,2.86%
2/26/2020,32744,31792,32863,31554,5.11M,1.85%
2/27/2020,33340,32744,33637,32506,4.65M,1.82%
2/28/2020,32804,32744,33161,32506,3.38M,-1.61%
3/2/2020,33161,32804,33459,32625,2.84M,1.09%
3/3/2020,33280,33459,33935,33161,1.89M,0.36%
3/4/2020,33042,33042,33042,32685,2.64M,-0.72%
3/5/2020,32506,33042,33280,32506,2.06M,-1.62%
3/6/2020,32149,32268,32328,31851,2.07M,-1.10%
3/9/2020,29946,30482,30958,29946,7.51M,-6.85%
3/10/2020,30780,30363,30958,29946,3.22M,2.78%
3/11/2020,30244,30958,31256,29470,4.37M,-1.74%
3/12/2020,28636,28934,29351,28160,6.32M,-5.31%
3/13/2020,28666,26969,29768,26910,4.63M,0.10%
3/16/2020,28339,28666,29589,28279,3.01M,-1.14%
3/17/2020,28874,27981,28874,27684,3.93M,1.89%
3/18/2020,28815,29172,29232,28785,2.61M,-0.21%
3/19/2020,28398,28339,28636,28339,2.06M,-1.45%
3/20/2020,28398,28696,28726,28190,2.05M,0.00%
3/23/2020,26434,27446,27922,26434,4.49M,-6.92%
3/24/2020,26493,26791,26791,25898,3.48M,0.23%
3/25/2020,27386,27386,27624,26880,3.38M,3.37%
3/26/2020,26314,27088,27297,26314,3.74M,-3.91%
3/27/2020,25660,26434,26434,25541,4.18M,-2.49%
3/30/2020,24052,24112,24469,23874,3.42M,-6.26%
3/31/2020,24469,24707,25243,23874,2.64M,1.73%
4/1/2020,25183,24290,25719,24290,2.31M,2.92%
4/3/2020,26553,25600,26582,25421,3.29M,5.44%
4/6/2020,28279,27386,28279,27088,4.32M,6.50%
4/7/2020,28160,28279,28398,27684,3.91M,-0.42%
4/8/2020,27892,27446,28011,27237,2.50M,-0.95%
4/9/2020,27892,27981,28339,27684,3.40M,0.00%
4/10/2020,27624,27743,27981,27327,2.99M,-0.96%
4/13/2020,27684,27624,27981,27446,1.99M,0.22%
4/14/2020,29470,28339,29470,27981,6.46M,6.45%
4/15/2020,29827,30065,30244,29678,3.50M,1.21%
4/16/2020,29946,29589,30244,29351,2.39M,0.40%
4/17/2020,30482,30482,30541,29887,4.18M,1.79%
4/20/2020,30541,30899,30958,30184,3.55M,0.20%
4/21/2020,29351,30065,30303,29113,5.93M,-3.90%
4/22/2020,30422,29053,30482,28994,3.88M,3.65%
4/23/2020,30363,31018,31077,30363,2.16M,-0.20%
4/24/2020,30363,30303,30482,29827,2.24M,0.00%
4/27/2020,30184,30661,30661,30065,2.25M,-0.59%
4/28/2020,30184,30184,30244,29887,1.55M,0.00%
4/29/2020,30244,30244,30601,30065,2.14M,0.20%
5/4/2020,30065,29887,30303,29648,1.42M,-0.59%
5/5/2020,30303,30244,30363,30006,1.08M,0.79%
5/6/2020,31494,30363,31613,30363,5.51M,3.93%
5/7/2020,31851,31554,31851,31196,3.22M,1.13%
5/8/2020,31970,31911,32804,31911,5.69M,0.37%
5/11/2020,32149,32149,32387,31732,3.36M,0.56%
5/12/2020,32387,32149,32387,31911,4.49M,0.74%
5/13/2020,34336,33049,34476,32980,9.46M,6.02%
5/14/2020,33884,34058,34163,33745,3.58M,-1.32%
5/15/2020,33397,33606,34023,33223,3.35M,-1.44%
5/18/2020,33641,33049,33641,32980,2.76M,0.73%
5/19/2020,34267,34232,34580,33815,3.97M,1.86%
5/20/2020,34023,34093,34093,33780,1.72M,-0.71%
5/21/2020,34302,34023,34302,33989,2.77M,0.82%
5/22/2020,33710,34093,34093,33710,2.39M,-1.72%
5/25/2020,33710,33745,33815,33258,2.81M,0.00%
5/26/2020,33954,33745,33954,33641,2.23M,0.72%
5/27/2020,33397,34023,34371,33397,2.90M,-1.64%
5/28/2020,33397,33536,33815,33397,1.65M,0.00%
5/29/2020,33362,33397,33467,33049,1.86M,-0.10%
6/1/2020,33606,33397,33641,33397,1.79M,0.73%
6/2/2020,33397,33606,33745,33397,2.01M,-0.62%
6/3/2020,33849,33397,34058,33328,2.61M,1.35%
6/4/2020,33676,34023,34023,33676,1.74M,-0.51%
6/5/2020,33884,33676,33884,33502,1.71M,0.62%
6/8/2020,34336,34093,34789,34093,5.68M,1.33%
6/9/2020,34058,34510,34545,34023,2.06M,-0.81%
6/10/2020,33954,34093,34093,33676,1.80M,-0.31%
6/11/2020,32006,33954,33954,32006,5.90M,-5.74%
6/12/2020,32701,31310,32701,31310,4.34M,2.17%
6/15/2020,32006,33397,33397,31936,1.67M,-2.13%
6/16/2020,32423,32423,32562,32214,1.52M,1.30%
6/17/2020,32249,32493,32527,32180,1.09M,-0.54%
6/18/2020,32423,32214,32493,32110,1.14M,0.54%
6/19/2020,32701,32423,32701,32423,1.03M,0.86%
6/22/2020,32701,32701,32701,32597,1.09M,0.00%
6/23/2020,33084,32667,33676,32527,2.34M,1.17%
6/24/2020,32841,33328,33362,32736,837.66K,-0.74%
6/25/2020,32562,32458,32771,32423,1.01M,-0.85%
6/26/2020,32597,32562,32806,32493,831.97K,0.11%
6/29/2020,32040,32423,32423,31901,1.77M,-1.71%
6/30/2020,31762,32110,32284,31588,2.20M,-0.87%
7/1/2020,32145,32006,32214,31866,1.20M,1.20%
7/2/2020,32110,32214,32214,31971,744.04K,-0.11%
7/3/2020,32180,32354,32354,32075,731.07K,0.22%
7/6/2020,32562,32354,32667,32214,1.50M,1.19%
7/7/2020,33015,32701,33328,32701,3.78M,1.39%
7/8/2020,33188,32910,33328,32910,2.03M,0.53%
7/9/2020,33641,33328,33676,33258,3.17M,1.36%
7/10/2020,33258,33467,33571,33049,1.61M,-1.14%
7/13/2020,33849,33397,34058,33223,3.67M,1.78%
7/14/2020,33780,33606,33989,33606,2.14M,-0.21%
7/15/2020,33815,33884,34058,33676,2.09M,0.10%
7/16/2020,33815,33780,33919,33676,1.46M,0.00%
7/17/2020,33467,33745,33745,33467,1.81M,-1.03%
7/20/2020,32980,33467,33536,32945,2.83M,-1.46%
7/21/2020,33258,33049,33362,32875,1.30M,0.84%
7/22/2020,32980,33397,33397,32910,1.13M,-0.84%
7/23/2020,33223,32980,33223,32771,1.27M,0.74%
7/24/2020,31936,32980,33084,31588,4.38M,-3.87%
7/27/2020,30405,31310,31936,30336,4.52M,-4.79%
7/28/2020,31431,30537,31500,30365,2.70M,3.37%
7/29/2020,30640,30537,30881,30125,2.14M,-2.52%
7/30/2020,31053,30675,31053,30675,844.89K,1.35%
7/31/2020,30606,30262,31088,30262,1.53M,-1.44%
8/3/2020,31569,30606,31569,30606,1.92M,3.15%
8/4/2020,32016,31982,32188,31775,1.45M,1.42%
8/5/2020,32326,31982,32429,31810,1.83M,0.97%
8/6/2020,32188,32326,32497,32119,1.59M,-0.43%
8/7/2020,32394,32188,32876,32188,1.77M,0.64%
8/10/2020,32463,32566,32876,32394,1.60M,0.21%
8/11/2020,32326,32635,32635,32326,1.67M,-0.42%
8/12/2020,32669,32394,32669,32257,1.70M,1.06%
8/13/2020,32979,32807,32979,32669,2.36M,0.95%
8/14/2020,32876,33082,33151,32635,2.25M,-0.31%
8/17/2020,33016,32946,33016,32665,1.45M,0.43%
8/18/2020,32911,33016,33122,32876,862.78K,-0.32%
8/19/2020,32911,32946,33051,32770,1.21M,0.00%
8/20/2020,33051,32946,33332,32911,2.52M,0.43%
8/21/2020,33297,33192,33368,33157,1.74M,0.74%
8/24/2020,34035,33684,34140,33613,4.89M,2.22%
8/25/2020,34316,34140,34386,34105,4.56M,0.83%
8/26/2020,34000,34281,34316,33859,1.83M,-0.92%
8/27/2020,35018,33894,35194,33894,5.14M,3.00%
8/28/2020,35053,35264,35896,35053,5.53M,0.10%
8/31/2020,34772,35053,35334,34667,2.68M,-0.80%
9/1/2020,35053,34772,35475,34667,2.43M,0.81%
9/3/2020,35405,35405,35475,35053,3.15M,1.00%
9/4/2020,35124,34772,35124,34772,2.12M,-0.79%
9/7/2020,34070,35089,35124,34070,3.13M,-3.00%
9/8/2020,34772,34246,34772,34070,2.25M,2.06%
9/9/2020,34562,34175,34772,34140,2.06M,-0.61%
9/10/2020,34562,34772,34983,34491,1.39M,0.00%
9/11/2020,34527,34421,34562,34316,1.20M,-0.10%
9/14/2020,34632,34597,34772,34491,1.56M,0.30%
9/15/2020,35124,34772,35124,34632,2.63M,1.42%
9/16/2020,35475,35124,35686,35124,2.65M,1.00%
9/17/2020,35124,35334,35475,35053,2.16M,-0.99%
9/18/2020,35967,35194,36107,35124,4.56M,2.40%
9/21/2020,35967,36037,36318,35967,2.11M,0.00%
9/22/2020,36037,35686,36037,35545,2.25M,0.20%
9/23/2020,35896,36037,36177,35686,2.48M,-0.39%
9/24/2020,35475,35615,35826,35264,2.39M,-1.17%
9/25/2020,35686,35615,35686,35124,1.66M,0.59%
9/28/2020,35896,35756,36037,35545,1.81M,0.59%
9/29/2020,35264,36107,36107,35264,2.62M,-1.76%
9/30/2020,35124,35264,35405,34948,3.45M,-0.40%
10/1/2020,35686,35264,35686,35264,1.25M,1.60%
10/2/2020,35334,35686,35896,34421,2.69M,-0.98%
10/5/2020,35475,35405,35686,35053,2.07M,0.40%
10/6/2020,35475,35686,35756,35334,2.10M,0.00%
10/7/2020,35405,35264,35615,35264,2.06M,-0.20%
10/8/2020,35896,35475,36177,35334,4.23M,1.39%
10/9/2020,35686,35826,35967,35686,1.62M,-0.59%
10/12/2020,35756,35756,36107,35545,2.14M,0.20%
10/13/2020,35615,35756,35826,35475,1.69M,-0.39%
10/14/2020,35826,35686,36107,35405,3.33M,0.59%
10/15/2020,35967,35967,36107,35615,2.66M,0.39%
10/16/2020,37372,35967,37863,35756,7.96M,3.91%
10/19/2020,37442,37653,37793,37231,3.22M,0.19%
10/20/2020,37372,37301,37442,36880,2.60M,-0.19%
10/21/2020,37091,37372,38285,37091,4.56M,-0.75%
10/22/2020,37934,37091,37934,36950,3.24M,2.27%
10/23/2020,37863,38074,38285,37582,3.65M,-0.19%
10/26/2020,37091,37863,38285,37091,5.32M,-2.04%
10/27/2020,36599,37161,37372,36599,4.40M,-1.33%
10/28/2020,35615,36529,36810,35615,4.96M,-2.69%
10/29/2020,35756,35405,36037,35264,3.75M,0.39%
10/30/2020,36177,36107,36177,35475,2.03M,1.18%
11/2/2020,36318,36177,36318,35967,1.20M,0.39%
11/3/2020,37091,36458,37161,36318,3.54M,2.13%
11/4/2020,37231,37231,37442,36880,1.89M,0.38%
11/5/2020,36529,37020,37512,36529,1.80M,-1.89%
11/6/2020,36810,36810,37091,36599,1.36M,0.77%
11/9/2020,37512,37091,37512,37020,2.78M,1.91%
11/10/2020,37231,37934,37934,37231,2.40M,-0.75%
11/11/2020,37231,37512,37512,37020,2.30M,0.00%
11/12/2020,37582,37231,37582,37161,1.70M,0.94%
11/13/2020,37793,37793,37793,37582,1.82M,0.56%
11/16/2020,37442,37934,38215,37231,5.12M,-0.93%
11/17/2020,37934,37653,38004,37231,3.47M,1.31%
11/18/2020,37934,38144,38144,37723,2.42M,0.00%
11/19/2020,38706,38144,39339,37934,6.87M,2.04%
11/20/2020,38777,38706,39268,38636,2.54M,0.18%
11/23/2020,39268,38777,39479,38355,3.90M,1.27%
11/24/2020,39058,39268,39690,38636,4.15M,-0.54%
11/25/2020,38777,39549,39549,38777,2.53M,-0.72%
11/26/2020,39128,38987,39339,38496,2.26M,0.91%
11/27/2020,39479,39268,39479,39058,2.74M,0.90%
11/30/2020,38917,39830,39830,38917,3.81M,-1.42%
12/1/2020,38777,38636,38917,38496,4.73M,-0.36%
12/2/2020,39058,38636,39128,38636,2.91M,0.72%
12/3/2020,39058,38987,39128,38706,2.25M,0.00%
12/4/2020,39128,38917,39268,38917,1.91M,0.18%
12/7/2020,39128,39268,39339,38987,2.01M,0.00%
12/8/2020,39479,39128,39760,38987,3.17M,0.90%
12/9/2020,40392,39549,40603,39479,4.14M,2.31%
12/10/2020,39690,40041,40533,39690,2.92M,-1.74%
12/11/2020,40041,39760,40041,39549,2.42M,0.89%
12/14/2020,40182,40041,40743,39971,1.99M,0.35%
12/15/2020,39830,40392,40462,39760,3.68M,-0.87%
12/16/2020,40111,40182,40392,40041,2.75M,0.71%
12/17/2020,39690,39971,40111,39339,4.96M,-1.05%
12/18/2020,39971,39690,40111,39690,2.12M,0.71%
12/21/2020,40392,40252,40603,40111,3.18M,1.05%
12/22/2020,40814,40322,41095,40111,3.56M,1.04%
12/23/2020,40392,40954,41165,40182,1.92M,-1.03%
12/24/2020,40041,40392,40603,39620,3.29M,-0.87%
12/25/2020,40462,40041,40462,39760,2.24M,1.05%
12/28/2020,40673,40673,41165,40392,3.03M,0.52%
12/29/2020,41165,40673,41305,40462,3.00M,1.21%
12/30/2020,40814,41376,41376,40814,1.66M,-0.85%
12/31/2020,41516,40814,41586,40743,2.81M,1.72%
1/4/2021,42289,41867,42289,41657,2.97M,1.86%
1/5/2021,44045,42148,44607,42008,3.22M,4.15%
1/6/2021,43834,44326,44677,43764,2.48M,-0.48%
1/7/2021,43905,43975,44186,43483,2.97M,0.16%
1/8/2021,44467,44256,44748,43975,3.75M,1.28%
1/11/2021,45450,44888,45450,44467,2.72M,2.21%
1/12/2021,46223,45661,46363,44958,3.36M,1.70%
1/13/2021,46715,46293,47347,46293,3.60M,1.06%
1/14/2021,46644,46715,47066,46153,2.45M,-0.15%
1/15/2021,46785,47066,47066,46644,2.13M,0.30%
1/18/2021,46574,47066,47066,46504,1.67M,-0.45%
1/19/2021,43553,46363,46434,43343,4.84M,-6.49%
1/20/2021,44467,44045,44748,42289,5.06M,2.10%
1/21/2021,46082,45310,46223,44467,3.19M,3.63%
1/22/2021,46995,46153,47417,45942,2.88M,1.98%
1/25/2021,47066,46925,47909,46504,4.29M,0.15%
1/26/2021,46363,47417,47417,46012,3.58M,-1.49%
1/27/2021,44256,46153,46434,44186,3.07M,-4.55%
1/28/2021,41165,42148,43764,41165,7.03M,-6.98%
1/29/2021,44045,41446,44045,41446,4.43M,7.00%
2/1/2021,44607,45239,45942,43764,2.78M,1.28%
2/2/2021,46363,44326,46363,44256,4.51M,3.94%
2/3/2021,49173,47417,49595,46434,5.76M,6.06%
2/4/2021,50929,49314,51421,49314,6.07M,3.57%
2/5/2021,51210,51281,51562,50438,2.88M,0.55%
2/8/2021,50086,51210,51210,48892,5.57M,-2.19%
2/9/2021,52405,50157,52405,49173,5.83M,4.63%
2/17/2021,54723,53599,55495,53318,4.33M,4.42%
2/18/2021,54933,54793,55004,53809,3.10M,0.39%
2/19/2021,53809,54301,54793,53388,5.14M,-2.05%
2/22/2021,53950,53809,54442,53458,3.20M,0.26%
2/23/2021,53037,53599,54090,52405,4.65M,-1.69%
2/24/2021,52967,53388,53739,52615,3.07M,-0.13%
2/25/2021,53528,53458,53599,52334,2.66M,1.06%
2/26/2021,53528,52686,53669,52615,2.67M,0.00%
3/1/2021,54723,53950,54793,53950,2.87M,2.23%
3/2/2021,54723,55425,55425,54020,2.51M,0.00%
3/3/2021,54582,54793,54863,54371,2.21M,-0.26%
3/4/2021,53318,54582,54652,52756,4.00M,-2.32%
3/5/2021,53318,53037,53388,52334,3.46M,0.00%
3/8/2021,53248,53388,53739,52967,2.29M,-0.13%
3/9/2021,52686,52686,53177,52334,3.01M,-1.06%
3/10/2021,53599,53318,54442,52686,3.59M,1.73%
3/11/2021,53880,53739,54161,53458,2.04M,0.52%
3/12/2021,53739,54090,54161,53599,2.85M,-0.26%
3/15/2021,53739,53809,54442,53458,2.43M,0.00%
3/16/2021,56900,54090,57252,53809,7.05M,5.88%
3/17/2021,56760,57252,57252,56198,2.21M,-0.25%
3/18/2021,56900,56900,56900,56198,2.49M,0.25%
3/19/2021,56057,56198,56549,55776,3.10M,-1.48%
3/22/2021,55285,55847,55917,55004,2.88M,-1.38%
3/23/2021,55355,55144,56198,55004,3.04M,0.13%
3/24/2021,54090,54723,55425,53739,3.42M,-2.28%
3/25/2021,53809,54442,54442,53739,3.18M,-0.52%
3/26/2021,53458,53528,53950,52334,3.69M,-0.65%
3/29/2021,54512,53739,54863,53458,2.76M,1.97%
3/30/2021,54161,54723,54793,54090,2.09M,-0.64%
3/31/2021,54582,54161,54863,53809,1.90M,0.78%
4/1/2021,55987,54723,55987,54723,3.45M,2.57%
4/2/2021,56057,56479,56549,56057,2.69M,0.13%
4/5/2021,55917,56479,56549,55425,2.05M,-0.25%
4/6/2021,55776,55566,56198,55566,2.08M,-0.25%
4/7/2021,55917,55636,55987,55566,2.08M,0.25%
4/8/2021,55917,56338,56619,55847,2.22M,0.00%
4/9/2021,57673,56128,58305,56128,5.48M,3.14%
4/12/2021,57673,57884,57884,57252,2.79M,0.00%
4/13/2021,56690,57603,57743,56549,2.81M,-1.71%
4/14/2021,56900,56198,56900,55847,3.49M,0.37%
4/15/2021,56198,56900,57181,56057,2.89M,-1.23%
4/16/2021,55987,56057,57041,55355,3.03M,-0.37%
4/19/2021,57252,56198,57252,55847,3.29M,2.26%
4/20/2021,58235,57462,59640,57322,6.55M,1.72%
4/22/2021,56198,57603,58938,56198,3.13M,-3.50%
4/23/2021,58305,56198,58305,55987,4.37M,3.75%
4/26/2021,56900,57954,58165,56549,3.52M,-2.41%
4/27/2021,56690,56479,57181,56268,1.78M,-0.37%
4/28/2021,56760,56268,57111,56268,1.89M,0.12%
4/29/2021,56830,56760,57462,56760,2.89M,0.12%
5/4/2021,58235,56198,58657,56198,3.26M,2.47%
5/5/2021,58235,59359,59359,58095,3.20M,0.00%
5/6/2021,58095,58305,58657,57743,2.72M,-0.24%
5/7/2021,58305,58095,59008,57814,3.73M,0.36%
5/10/2021,60272,58376,60413,58305,6.22M,3.37%
5/11/2021,59851,60413,60834,59851,2.87M,-0.70%
5/12/2021,59991,59710,59991,59219,2.55M,0.23%
5/13/2021,59008,59710,59991,59008,3.53M,-1.64%
5/14/2021,59570,59219,60553,59078,2.57M,0.95%
5/17/2021,60202,60272,60834,59851,2.41M,1.06%
5/18/2021,61115,60694,61396,60553,2.94M,1.52%
5/19/2021,63785,61466,63995,60975,3.97M,4.37%
5/20/2021,67086,63785,67086,63504,4.86M,5.18%
5/21/2021,65892,66243,67859,65330,4.45M,-1.78%
5/24/2021,65681,65892,65962,64698,3.68M,-0.32%
5/25/2021,65892,65681,66875,65190,2.98M,0.32%
5/26/2021,66946,66173,67086,65822,2.75M,1.60%
5/27/2021,65892,66946,67016,65681,2.41M,-1.57%
5/28/2021,66594,66033,66735,65822,2.59M,1.07%
5/31/2021,68772,67086,68842,66524,4.47M,3.27%
6/1/2021,70994,71646,72135,70912,4.19M,3.23%
6/2/2021,69690,70994,71320,69282,3.66M,-1.84%
6/3/2021,69445,69282,69608,68712,3.83M,-0.35%
6/4/2021,69038,69282,69364,68304,4.58M,-0.59%
6/7/2021,67407,68956,69038,66022,4.45M,-2.36%
6/8/2021,65859,66837,67652,65696,4.18M,-2.30%
6/9/2021,66592,65696,66918,64392,4.29M,1.11%
6/10/2021,66755,66592,67244,66022,2.66M,0.24%
6/11/2021,68060,66429,68386,66266,2.83M,1.95%
6/14/2021,68304,68060,68956,67652,3.06M,0.36%
6/15/2021,67815,68304,68875,67815,2.13M,-0.72%
6/16/2021,67734,67815,68956,67407,2.95M,-0.12%
6/17/2021,67326,66918,67734,66918,2.68M,-0.60%
6/18/2021,68304,67734,68630,67407,2.02M,1.45%
6/21/2021,69771,68141,70342,67815,4.65M,2.15%
6/22/2021,69608,70179,70586,69608,2.11M,-0.23%
6/23/2021,69201,69527,69771,68549,1.92M,-0.59%
6/24/2021,69038,68712,69201,68386,1.99M,-0.24%
6/25/2021,69445,69038,69608,68630,1.80M,0.59%
6/28/2021,69853,70179,70179,69608,2.23M,0.59%
6/29/2021,72216,70586,72543,70342,5.88M,3.38%
6/30/2021,71727,72543,72624,71727,1.98M,-0.68%
7/1/2021,72461,71809,72461,71727,2.04M,1.02%
7/2/2021,74906,72787,75395,72461,4.65M,3.37%
7/5/2021,75558,77433,77433,74173,3.52M,0.87%
7/6/2021,70912,75395,75803,70912,3.17M,-6.15%
7/7/2021,73765,70912,74173,69282,5.89M,4.02%
7/8/2021,73195,73684,73765,72543,2.85M,-0.77%
7/9/2021,73113,73032,74988,72379,3.54M,-0.11%
7/12/2021,70179,72379,73113,68141,8.12M,-4.01%
7/13/2021,70912,70831,71157,69282,2.65M,1.05%
7/14/2021,69445,71401,71401,69038,2.92M,-2.07%
7/15/2021,69608,69038,70586,69038,3.26M,0.23%
7/16/2021,70749,70016,71727,69690,2.74M,1.64%
7/19/2021,69038,69445,70423,68875,3.95M,-2.42%
7/20/2021,70749,69119,70749,68386,3.06M,2.48%
7/21/2021,70586,70749,71646,70179,4.04M,-0.23%
7/22/2021,72869,70260,73032,70260,5.33M,3.23%
7/23/2021,73765,72869,75721,72298,8.11M,1.23%
7/26/2021,76373,73602,76536,73521,6.93M,3.54%
7/27/2021,75966,76944,77352,75395,6.01M,-0.53%
7/28/2021,74988,75640,76373,74743,4.02M,-1.29%
7/29/2021,76129,74988,76536,74743,4.46M,1.52%
7/30/2021,76618,76210,77270,75640,5.43M,0.64%
8/2/2021,77922,76618,78737,76618,5.13M,1.70%
8/3/2021,78085,78085,78248,77188,4.33M,0.21%
8/4/2021,77922,78167,78411,77352,3.38M,-0.21%
8/5/2021,78737,77596,79063,77352,2.98M,1.05%
8/6/2021,78737,78900,79226,78085,4.10M,0.00%
8/9/2021,79471,79063,79634,78167,3.52M,0.93%
8/10/2021,79715,80123,80204,79552,3.22M,0.31%
8/11/2021,78330,79634,79715,78330,5.86M,-1.74%
8/12/2021,76455,78085,78248,76129,10.08M,-2.39%
8/13/2021,77433,75884,77433,75803,4.34M,1.28%
8/16/2021,77927,78257,78421,77762,2.29M,0.64%
8/17/2021,77268,77515,77927,77021,3.36M,-0.85%
8/18/2021,77433,77268,78174,77268,2.34M,0.21%
8/19/2021,77845,78257,78257,77268,3.27M,0.53%
8/20/2021,76444,77845,78010,75044,5.22M,-1.80%
8/23/2021,74962,76197,76197,74962,4.12M,-1.94%
8/24/2021,75703,75374,75785,74056,3.70M,0.99%
8/25/2021,75703,76115,76115,74962,1.61M,0.00%
8/26/2021,75291,75785,76527,75126,2.11M,-0.54%
8/27/2021,75785,74962,75785,74632,2.28M,0.66%
8/30/2021,75950,76609,76609,75868,1.79M,0.22%
8/31/2021,76115,76033,76774,75785,2.34M,0.22%
9/1/2021,76115,75868,76609,75868,1.62M,0.00%
9/6/2021,78174,76115,78174,76033,3.75M,2.71%
9/7/2021,77021,78504,78504,77021,2.75M,-1.48%
9/8/2021,76692,77021,77598,76444,1.74M,-0.43%
9/9/2021,76774,76692,77351,76444,1.67M,0.11%
9/10/2021,77021,76939,77762,76939,1.73M,0.32%
9/13/2021,76609,77103,77433,76527,1.92M,-0.53%
9/14/2021,77268,76856,78010,76609,3.03M,0.86%
9/15/2021,77515,77268,77762,76856,2.03M,0.32%
9/16/2021,78010,77762,78257,77598,2.31M,0.64%
9/17/2021,78833,78669,79904,78586,3.99M,1.06%
9/20/2021,77762,79080,79245,77515,3.03M,-1.36%
9/21/2021,77021,76939,77433,76197,3.24M,-0.95%
9/22/2021,76774,76774,76939,76362,2.43M,-0.32%
9/23/2021,76692,76774,77268,76609,1.67M,-0.11%
9/24/2021,76362,76774,76774,76362,1.74M,-0.43%
9/27/2021,75868,76527,77021,75868,1.86M,-0.65%
9/28/2021,76609,75538,76609,75374,1.67M,0.98%
9/29/2021,76774,76609,76939,76033,1.41M,0.21%
9/30/2021,76609,77021,77351,76609,1.20M,-0.21%
10/1/2021,76527,76527,76692,76197,1.27M,-0.11%
10/4/2021,77927,76609,78421,76115,2.73M,1.83%
10/5/2021,77762,78257,79080,77762,1.67M,-0.21%
10/6/2021,77762,77845,78010,77186,1.89M,0.00%
10/7/2021,77680,78174,78257,77515,1.80M,-0.11%
10/8/2021,81469,78257,81964,77762,9.97M,4.88%
10/11/2021,81717,81552,81799,80975,2.75M,0.30%
10/12/2021,81552,81717,81717,81140,1.35M,-0.20%
10/13/2021,81881,81552,83611,81140,3.88M,0.40%
10/14/2021,81387,81881,82376,81058,2.19M,-0.60%
10/15/2021,81469,81881,82458,81058,2.04M,0.10%
10/18/2021,81552,81552,82376,81222,2.72M,0.10%
10/19/2021,81222,81552,81964,81222,1.84M,-0.40%
10/20/2021,80399,81305,81964,79575,2.70M,-1.01%
10/21/2021,79657,81058,81140,79657,2.74M,-0.92%
10/22/2021,79245,79904,80234,79163,2.43M,-0.52%
10/25/2021,78174,79245,79245,78174,3.53M,-1.35%
10/26/2021,79822,78257,79822,77680,2.23M,2.11%
10/27/2021,80893,79740,80893,79492,2.79M,1.34%
10/28/2021,80728,80893,81058,80069,1.97M,-0.20%
10/29/2021,79822,80728,80728,79822,2.86M,-1.12%
11/1/2021,78916,80234,80234,78751,3.43M,-1.14%
11/2/2021,79163,78669,79904,78669,2.53M,0.31%
11/3/2021,79163,79245,79657,78421,3.22M,0.00%
11/4/2021,79080,79163,79740,78833,2.11M,-0.10%
11/5/2021,80399,79245,80563,79080,2.60M,1.67%
11/8/2021,80234,80399,81140,80151,2.03M,-0.20%
11/9/2021,79410,80316,80399,79080,2.22M,-1.03%
11/10/2021,79904,79410,79904,78998,1.91M,0.62%
11/11/2021,79080,79904,80728,78916,2.55M,-1.03%
11/12/2021,80728,79245,80893,78998,2.69M,2.08%
11/15/2021,80151,81140,81140,80151,2.29M,-0.71%
11/16/2021,80975,80151,81964,79740,4.21M,1.03%
11/17/2021,80975,80975,81058,80728,1.42M,0.00%
11/18/2021,79492,80975,81305,79492,2.41M,-1.83%
11/19/2021,78504,80316,80563,78339,2.98M,-1.24%
11/22/2021,78257,78669,79080,78257,2.00M,-0.31%
11/23/2021,79575,78257,79575,78174,1.38M,1.68%
11/24/2021,80646,79657,81058,79410,2.93M,1.35%
11/25/2021,82376,81140,83858,80975,6.58M,2.15%
11/26/2021,81469,82458,83035,81387,2.40M,-1.10%
11/29/2021,80810,80316,81469,80316,2.39M,-0.81%
11/30/2021,79987,80810,81140,79904,3.08M,-1.02%
12/1/2021,80893,80316,81222,79657,1.51M,1.13%
12/2/2021,80069,80399,80975,80069,1.14M,-1.02%
12/3/2021,78669,80563,80563,78669,2.41M,-1.75%
12/6/2021,77845,78669,79492,77598,2.87M,-1.05%
12/7/2021,79080,78257,79080,77845,1.74M,1.59%
12/8/2021,78751,79492,79492,78257,1.28M,-0.42%
12/9/2021,79904,78339,79904,78339,1.19M,1.46%
12/10/2021,78916,79410,79904,78586,1.39M,-1.24%
12/13/2021,79080,79492,79492,78751,1.08M,0.21%
12/14/2021,78833,79080,79410,78586,1.37M,-0.31%
12/15/2021,78998,78833,79328,78751,970.08K,0.21%
12/16/2021,78669,80316,80316,78669,1.49M,-0.42%
12/17/2021,79410,78751,79904,78669,1.38M,0.94%
12/20/2021,78916,79492,79492,78669,1.22M,-0.62%
12/21/2021,78421,78833,78998,78339,1.33M,-0.63%
12/22/2021,78257,78257,78586,77927,2.00M,-0.21%
12/23/2021,76774,78257,78257,76609,2.32M,-1.89%
12/24/2021,77268,77021,77845,76444,1.42M,0.64%
12/27/2021,77845,77598,78257,76856,952.44K,0.75%
12/28/2021,77845,77845,78174,77515,680.76K,0.00%
12/29/2021,77103,78092,78092,77103,1.09M,-0.95%
12/30/2021,77103,77186,77680,77021,972.96K,0.00%
12/31/2021,76609,77268,77762,76609,1.93M,-0.64%
1/4/2022,77021,76939,77598,76856,2.32M,0.54%
1/5/2022,77103,77186,77598,77021,1.43M,0.11%
1/6/2022,77021,77103,77433,77021,1.43M,-0.11%
1/7/2022,76939,76692,77186,76692,1.22M,-0.11%
1/10/2022,75785,76774,77021,75703,2.26M,-1.50%
1/11/2022,73726,75785,75950,73397,3.01M,-2.72%
1/12/2022,73808,73397,74632,72902,2.09M,0.11%
1/13/2022,75868,74879,76362,73973,2.17M,2.79%
1/14/2022,75209,75538,75868,74879,824.04K,-0.87%
1/17/2022,73314,74550,75209,73314,1.88M,-2.52%
1/18/2022,72573,72738,73808,72490,1.45M,-1.01%
1/19/2022,72738,72573,73479,72490,893.88K,0.23%
1/20/2022,73149,72820,74962,72738,1.60M,0.57%
1/21/2022,72655,73314,73973,72655,1.01M,-0.68%
1/24/2022,70266,72655,72902,70019,2.43M,-3.29%
1/25/2022,71255,70184,72079,69195,1.43M,1.41%
1/26/2022,70843,71667,71667,70431,1.10M,-0.58%
1/27/2022,70761,70843,71420,70349,863.52K,-0.12%
1/28/2022,73726,70843,73726,70761,1.86M,4.19%
2/7/2022,73726,74138,74220,73314,622.08K,0.00%
2/8/2022,74632,73726,75621,73726,1.01M,1.23%
2/9/2022,74715,75538,75538,74632,1.37M,0.11%
2/10/2022,75785,75291,75785,74303,1.17M,1.43%
2/11/2022,75456,75621,76115,75291,769.92K,-0.43%
2/14/2022,74962,74962,75456,74467,928.92K,-0.65%
2/15/2022,75044,74962,75538,74550,786.48K,0.11%
2/16/2022,75209,75538,76197,75209,737.04K,0.22%
2/17/2022,76444,75703,76444,74962,1.02M,1.64%
2/18/2022,75950,76033,76197,75538,742.56K,-0.65%
2/21/2022,77021,75950,77433,75785,1.66M,1.41%
2/22/2022,76527,76609,76856,75785,1.39M,-0.64%
2/23/2022,76609,76280,77351,76280,1.17M,0.11%
2/24/2022,75785,76609,77021,74138,1.62M,-1.08%
2/25/2022,76033,76115,76939,75868,1.27M,0.33%
2/28/2022,76856,76033,77021,76033,1.81M,1.08%
3/1/2022,76939,77433,77433,76197,1.32M,0.11%
3/2/2022,76692,76609,76939,76362,1.31M,-0.32%
3/3/2022,76939,76774,77433,76774,1.15M,0.32%
3/4/2022,77021,76856,77268,76609,1.61M,0.11%
3/7/2022,77268,76692,77351,75950,2.04M,0.32%
3/8/2022,78092,77268,78586,76280,2.67M,1.07%
3/9/2022,78669,77927,79492,77927,2.64M,0.74%
3/10/2022,77927,79328,79328,77927,934.44K,-0.94%
3/11/2022,76774,77845,77927,76362,1.37M,-1.48%
3/14/2022,75621,76609,76609,74550,2.33M,-1.50%
3/15/2022,74962,75621,75621,73973,2.25M,-0.87%
3/16/2022,75456,75044,76033,74550,1.37M,0.66%
3/17/2022,75785,75621,76362,75374,1.42M,0.44%
3/18/2022,78339,76609,79575,76609,3.38M,3.37%
3/21/2022,78504,78421,79080,78257,1.87M,0.21%
3/22/2022,79410,79080,79904,78586,2.50M,1.15%
3/23/2022,79492,79492,80316,79080,2.37M,0.10%
3/24/2022,79080,79080,80069,78504,2.19M,-0.52%
3/25/2022,78833,79163,79492,78751,1.47M,-0.31%
3/28/2022,80810,78669,81305,78421,4.20M,2.51%
3/29/2022,86412,81222,86412,81222,9.87M,6.93%
3/30/2022,87318,87153,88389,86082,3.40M,1.05%
3/31/2022,88142,86906,91107,86165,4.17M,0.94%
4/1/2022,91437,88059,91437,87400,5.18M,3.74%
4/4/2022,90036,93496,93496,90036,3.23M,-1.53%
4/5/2022,89789,89872,91931,89789,2.24M,-0.27%
4/6/2022,93084,89295,93908,89295,5.01M,3.67%
4/7/2022,93331,93661,96297,92343,4.70M,0.27%
4/8/2022,89377,93331,93826,89377,4.88M,-4.24%
4/12/2022,90448,89789,91849,87812,3.79M,1.20%
4/13/2022,94814,90613,94814,90448,3.99M,4.83%
4/14/2022,96050,94897,97944,94897,4.24M,1.30%
4/15/2022,94732,94814,97121,93908,3.75M,-1.37%
4/18/2022,95144,94732,97697,93908,4.03M,0.43%
4/19/2022,92261,95967,96379,92261,5.68M,-3.03%
4/20/2022,92261,92261,93084,90284,3.95M,0.00%
4/21/2022,92261,91602,95473,91602,4.88M,0.00%
4/22/2022,91519,92672,93826,87318,6.85M,-0.80%
4/25/2022,85176,90695,91354,85176,5.53M,-6.93%
4/26/2022,85918,82540,86494,79904,6.52M,0.87%
4/27/2022,84847,84435,85671,82787,3.04M,-1.25%
4/28/2022,86906,84764,87977,84435,3.04M,2.43%
4/29/2022,86494,86494,88224,85835,4.79M,-0.47%
5/4/2022,86082,86412,87236,85753,1.92M,-0.48%
5/5/2022,86247,86165,86906,83941,2.63M,0.19%
5/6/2022,82540,84270,85671,82540,2.92M,-4.30%
5/9/2022,77433,80975,81552,77433,5.40M,-6.19%
5/10/2022,81058,77433,81387,75785,3.38M,4.68%
5/11/2022,83941,80728,83941,79740,2.00M,3.56%
5/12/2022,78751,81799,83941,78257,3.11M,-6.18%
5/13/2022,77103,79163,81552,76692,4.92M,-2.09%
5/16/2022,76774,80316,80316,76774,2.09M,-0.43%
5/17/2022,82128,76609,82128,76197,2.45M,6.97%
5/18/2022,80481,82128,82458,80316,2.32M,-2.01%
5/19/2022,79904,78339,80481,78339,1.47M,-0.72%
5/20/2022,80316,80481,81469,79904,1.69M,0.52%
5/23/2022,79492,80893,80893,79163,1.36M,-1.03%
5/24/2022,80893,79492,80893,79080,1.66M,1.76%
5/25/2022,86494,81964,86494,81305,4.52M,6.92%
5/26/2022,86989,86659,88224,86165,1.71M,0.57%
5/27/2022,92096,86989,92261,86906,4.65M,5.87%
5/30/2022,91684,91519,92590,89954,3.00M,-0.45%
5/31/2022,90531,91684,91684,88554,2.59M,-1.26%
6/1/2022,92096,90531,93002,90448,2.44M,1.73%
6/2/2022,91849,92920,94567,91519,2.75M,-0.27%
6/3/2022,93908,91849,93908,91354,2.11M,2.24%
6/6/2022,93084,93908,95556,92261,3.07M,-0.88%
6/7/2022,95226,92837,95226,89460,4.69M,2.30%
6/8/2022,94732,95803,96874,94320,3.19M,-0.52%
6/9/2022,94979,95144,95473,93331,2.05M,0.26%
6/10/2022,90613,93414,94485,90613,3.57M,-4.60%
6/13/2022,85209,86989,89756,85012,3.39M,-5.96%
6/14/2022,88076,85012,88867,84517,2.31M,3.36%
6/15/2022,89460,89559,89559,86989,1.76M,1.57%
6/16/2022,90943,89954,92722,89163,2.52M,1.66%
6/17/2022,90943,89262,91536,87977,2.32M,0.00%
6/20/2022,90943,92425,93414,90251,2.48M,0.00%
6/21/2022,88076,91338,92425,87977,2.46M,-3.15%
6/22/2022,83529,88768,89361,83430,2.97M,-5.16%
6/23/2022,84517,83035,85802,82738,2.02M,1.18%
6/24/2022,84517,85110,86791,84517,902.40K,0.00%
6/27/2022,85506,85407,86890,84913,1.25M,1.17%
6/28/2022,88669,88471,89163,86198,2.30M,3.70%
6/29/2022,88966,87878,88966,87186,1.18M,0.33%
6/30/2022,85209,88471,88867,85209,1.51M,-4.22%
7/1/2022,86989,86000,87779,83825,1.70M,2.09%
7/4/2022,85704,87483,87483,85012,1.01M,-1.48%
7/5/2022,84418,86791,86791,84418,1.40M,-1.50%
7/6/2022,82540,83133,84913,82540,2.23M,-2.22%
7/7/2022,82145,82936,83628,82145,1.29M,-0.48%
7/8/2022,82639,82936,83035,82145,910.40K,0.60%
7/11/2022,81848,83628,83628,81848,998.10K,-0.96%
7/12/2022,82540,81848,82540,81749,602.80K,0.85%
7/13/2022,81552,83035,83035,81552,1.14M,-1.20%
7/14/2022,81848,81848,82540,81255,891.30K,0.36%
7/15/2022,81255,83035,83035,81255,1.38M,-0.72%
7/18/2022,82046,81848,83529,81354,1.26M,0.97%
7/19/2022,82046,81947,82046,81255,1.19M,0.00%
7/20/2022,83924,84023,84913,83035,2.85M,2.29%
7/21/2022,84023,84913,84913,83529,1.80M,0.12%
7/22/2022,84122,85407,85506,84122,1.31M,0.12%
7/25/2022,84418,86000,86000,84122,2.25M,0.35%
7/26/2022,83825,85012,85012,83825,1.13M,-0.70%
7/27/2022,84221,83628,84221,83430,771.10K,0.47%
7/28/2022,83924,84221,84814,82145,1.66M,-0.35%
7/29/2022,82540,84122,84221,82540,1.94M,-1.65%
8/1/2022,83035,83035,83232,82145,1.82M,0.60%
8/2/2022,84023,83035,84122,82540,1.88M,1.19%
8/3/2022,83825,84023,84221,83232,2.25M,-0.24%
8/4/2022,85110,84122,85605,83924,3.05M,1.53%
8/5/2022,84814,85110,86198,84616,1.77M,-0.35%
8/8/2022,85012,84913,85407,84320,1.59M,0.23%
8/9/2022,85209,85012,86494,84715,2.32M,0.23%
8/10/2022,85012,85308,85703,85012,1.12M,-0.23%
8/11/2022,85012,85209,85802,84715,1.85M,0.00%
8/12/2022,85506,84715,85506,84715,1.24M,0.58%
8/15/2022,87878,85605,88076,85605,3.09M,2.77%
8/16/2022,87680,87878,88372,87087,1.38M,-0.23%
8/17/2022,87285,87977,88076,86989,1.51M,-0.45%
8/18/2022,87285,86890,88669,86890,2.55M,0.00%
8/19/2022,85901,86989,87483,85209,1.96M,-1.59%
8/22/2022,85802,85605,86297,84913,1.63M,-0.12%
8/23/2022,86000,85110,86000,85110,1.09M,0.23%
8/24/2022,86200,86500,86800,86100,1.01M,0.23%
8/25/2022,86300,86200,86700,86000,1.14M,0.12%
8/26/2022,87200,86400,87800,86300,1.94M,1.04%
8/29/2022,86500,87000,87000,84700,2.23M,-0.80%
8/30/2022,86400,86500,87000,86000,1.15M,-0.12%
8/31/2022,86600,85800,87000,85800,1.17M,0.23%
9/5/2022,86200,86500,86700,85900,1.02M,-0.46%
9/6/2022,85800,86000,86400,85800,1.17M,-0.46%
9/7/2022,84000,85500,85900,84000,2.24M,-2.10%
9/8/2022,84300,84100,85000,83800,1.14M,0.36%
9/9/2022,84300,84600,85000,84300,1.15M,0.00%
9/12/2022,84600,85100,85200,84300,716.00K,0.36%
9/13/2022,84600,85000,85300,84300,1.05M,0.00%
9/14/2022,84000,83500,84500,83500,1.31M,-0.71%
9/15/2022,83700,84500,84500,83700,780.50K,-0.36%
9/16/2022,82500,83700,83900,82500,1.36M,-1.43%
9/19/2022,83100,82500,83600,81900,1.78M,0.73%
9/20/2022,83400,83100,83800,82300,575.00K,0.36%
9/21/2022,82300,83300,83300,82300,775.40K,-1.32%
9/22/2022,82900,82000,83000,81900,1.17M,0.73%
9/23/2022,82400,83100,83100,82100,840.60K,-0.60%
9/26/2022,81500,81500,82000,80300,1.86M,-1.09%
9/27/2022,80500,82000,82000,80500,932.90K,-1.23%
9/28/2022,78000,80100,80400,78000,2.05M,-3.11%
9/29/2022,77000,79800,80100,77000,1.30M,-1.28%
9/30/2022,80500,77000,80800,76900,2.11M,4.55%
10/3/2022,77000,79600,80300,76400,1.25M,-4.35%
10/4/2022,77500,78000,79000,77200,2.04M,0.65%
10/5/2022,78400,79000,79500,78400,971.90K,1.16%
10/6/2022,76500,78900,78900,76500,1.27M,-2.42%
10/7/2022,74000,76200,76200,74000,2.06M,-3.27%
10/10/2022,74000,73500,75500,72100,1.63M,0.00%
10/11/2022,71000,74000,74000,71000,1.59M,-4.05%
10/12/2022,72400,71000,73300,71000,1.46M,1.97%
10/13/2022,73000,72200,73000,71500,829.20K,0.83%
10/14/2022,74000,74400,74500,73600,844.20K,1.37%
10/17/2022,73800,73500,73900,72600,707.40K,-0.27%
10/18/2022,74900,74000,75300,74000,879.00K,1.49%
10/19/2022,75500,74900,76200,74700,1.02M,0.80%
10/20/2022,77800,75800,78500,75300,1.73M,3.05%
10/21/2022,73900,77700,77700,73900,1.56M,-5.01%
10/24/2022,71100,73900,74500,71000,1.43M,-3.79%
10/25/2022,73200,71400,74500,71100,1.56M,2.95%
10/26/2022,73800,74500,74500,72700,625.10K,0.82%
10/27/2022,75800,74100,76200,73700,935.90K,2.71%
10/28/2022,75000,76300,76300,74700,875.80K,-1.06%
10/31/2022,75600,75000,76000,73700,1.08M,0.80%
11/1/2022,75500,76300,76800,75000,561.50K,-0.13%
11/2/2022,74000,75200,76000,74000,978.20K,-1.99%
11/3/2022,74100,74500,75700,73700,622.40K,0.14%
11/4/2022,72900,74000,74000,71500,1.65M,-1.62%
11/7/2022,72600,72600,74000,72600,1.57M,-0.41%
11/8/2022,73300,71500,73900,71400,945.00K,0.96%
11/9/2022,74000,73300,74300,73300,697.70K,0.95%
11/10/2022,73000,73500,73700,69100,1.60M,-1.35%
11/11/2022,72800,73100,73600,72000,1.00M,-0.27%
11/14/2022,70800,72000,72400,70000,1.64M,-2.75%
11/15/2022,65900,70000,70000,65900,3.11M,-6.92%
11/16/2022,69300,61300,70000,61300,3.05M,5.16%
11/17/2022,71000,69300,72000,64500,1.55M,2.45%
11/18/2022,71500,70100,72000,69200,1.26M,0.70%
11/21/2022,70100,69500,71800,69500,840.50K,-1.96%
11/22/2022,70500,70000,72000,69100,1.18M,0.57%
11/23/2022,70500,70000,71000,69700,465.90K,0.00%
11/24/2022,70500,69800,71000,69400,788.40K,0.00%
11/25/2022,72000,70600,72000,70500,1.27M,2.13%
11/28/2022,74300,72400,74500,72300,1.15M,3.19%
11/29/2022,74300,74900,74900,73000,1.14M,0.00%
11/30/2022,74600,74500,74900,73500,911.50K,0.40%
12/1/2022,74700,75100,75800,74100,1.78M,0.13%
12/2/2022,77400,74700,77700,74000,2.90M,3.61%
12/5/2022,78300,78000,79000,77400,1.22M,1.16%
12/6/2022,76000,78300,78900,76000,1.54M,-2.94%
12/7/2022,76500,75900,76600,74800,1.03M,0.66%
12/8/2022,77000,76900,78800,75600,1.27M,0.65%
12/9/2022,78000,76300,78000,76200,987.50K,1.30%
12/12/2022,77000,77600,78200,76400,1.21M,-1.28%
12/13/2022,77200,76200,77300,75200,899.70K,0.26%
12/14/2022,76300,77200,77500,76100,1.16M,-1.17%
12/15/2022,77700,76400,78100,76400,1.17M,1.83%
12/16/2022,77900,77000,78000,76400,910.90K,0.26%
12/19/2022,76600,78300,78300,76600,1.03M,-1.67%
12/20/2022,76600,77200,77200,75400,785.80K,0.00%
12/21/2022,77200,77200,77400,75700,544.10K,0.78%
12/22/2022,77200,77200,77500,76000,657.80K,0.00%
12/23/2022,78000,76400,78000,76200,1.22M,1.04%
12/26/2022,76400,77700,78100,76400,832.50K,-2.05%
12/27/2022,76500,76400,77500,76000,805.20K,0.13%
12/28/2022,76700,77000,77000,76000,589.20K,0.26%
12/29/2022,76200,76500,77000,76200,655.30K,-0.65%
12/30/2022,76900,76200,76900,76000,628.60K,0.92%
1/3/2023,80000,76900,80000,76800,1.54M,4.03%
1/4/2023,80000,80800,81000,79300,794.30K,0.00%
1/5/2023,80600,80200,81500,80200,1.01M,0.75%
1/6/2023,80300,80400,81100,80200,719.40K,-0.37%
1/9/2023,80300,80500,80900,79900,518.90K,0.00%
1/10/2023,80400,80700,81300,80200,752.70K,0.12%
1/11/2023,80900,80400,81600,80400,1.08M,0.62%
1/12/2023,80700,81000,81500,80200,542.50K,-0.25%
1/13/2023,80000,80500,81200,80000,628.30K,-0.87%
1/16/2023,80800,80100,81000,79700,574.50K,1.00%
1/17/2023,82000,81200,82000,81000,978.20K,1.49%
1/18/2023,83400,82100,83400,81800,954.60K,1.71%
1/19/2023,83900,83000,84200,82900,1.33M,0.60%
1/27/2023,84000,84100,85500,84000,1.14M,0.12%
1/30/2023,83700,84200,84400,83700,891.00K,-0.36%
1/31/2023,83500,83500,83700,81700,1.53M,-0.24%
2/1/2023,82000,84000,84000,81800,1.05M,-1.80%
2/2/2023,81900,82100,82400,81300,1.33M,-0.12%
2/3/2023,80100,82000,82000,80100,1.73M,-2.20%
2/6/2023,80500,80000,81600,79700,944.40K,0.50%
2/7/2023,80700,80500,81900,80500,750.80K,0.25%
2/8/2023,81200,80800,81700,80600,669.70K,0.62%
2/9/2023,80700,81000,81600,80700,743.00K,-0.62%
2/10/2023,80700,81100,81200,80500,725.00K,0.00%
2/13/2023,80700,80700,81200,80000,613.20K,0.00%
2/14/2023,80800,80700,81000,80200,619.70K,0.12%
2/15/2023,81600,80500,81900,80300,645.20K,0.99%
2/16/2023,81600,81600,82000,80700,424.20K,0.00%
2/17/2023,81600,81200,81600,81000,467.60K,0.00%
2/20/2023,82800,81600,83000,81400,1.28M,1.47%
2/21/2023,82800,82800,83700,82600,840.00K,0.00%
2/22/2023,81800,82300,82500,81800,747.20K,-1.21%
2/23/2023,81400,81700,81700,80600,1.16M,-0.49%
2/24/2023,80800,81100,81300,80400,559.20K,-0.74%
2/27/2023,80300,80000,80500,79900,1.02M,-0.62%
2/28/2023,80500,80000,80700,79500,524.30K,0.25%
3/1/2023,80500,79500,80500,78700,1.38M,0.00%
3/2/2023,80000,80000,80500,79800,430.80K,-0.62%
3/3/2023,78500,79300,80000,78500,740.80K,-1.88%
3/6/2023,78200,78100,79800,78100,817.20K,-0.38%
3/7/2023,78800,79100,79900,78800,792.00K,0.77%
3/8/2023,79500,78500,79500,78500,510.60K,0.89%
3/9/2023,80600,79500,80700,79200,640.30K,1.38%
3/10/2023,79500,80200,80400,79000,640.90K,-1.36%
3/13/2023,78900,78100,79400,78100,886.50K,-0.75%
3/14/2023,78700,79000,79100,78500,427.40K,-0.25%
3/15/2023,80500,79100,80500,79100,691.80K,2.29%
3/16/2023,79200,80000,80000,78400,850.00K,-1.61%
3/17/2023,79000,79600,80000,78600,429.40K,-0.25%
3/20/2023,77600,79100,79300,77600,769.80K,-1.77%
3/21/2023,78100,78600,78700,77100,536.20K,0.64%
3/22/2023,78500,78200,78600,77600,610.40K,0.51%
3/23/2023,78000,78400,78500,77600,356.60K,-0.64%
3/24/2023,78600,78300,78800,78000,366.70K,0.77%
3/27/2023,79100,78900,79200,78500,767.20K,0.64%
3/28/2023,79200,79200,79200,77500,1.00M,0.13%
3/29/2023,79000,79200,79300,78600,404.50K,-0.25%
3/30/2023,79100,79000,79300,78800,408.40K,0.13%
3/31/2023,79100,79100,79500,79000,671.60K,0.00%
4/3/2023,80900,79400,80900,79100,1.17M,2.28%
4/4/2023,80500,80900,81000,80000,584.60K,-0.49%
4/5/2023,80600,80500,80600,79700,422.00K,0.12%
4/6/2023,80300,80700,81500,80300,612.90K,-0.37%
4/7/2023,80500,80200,80700,80000,359.80K,0.25%
4/10/2023,80300,81000,81000,80100,769.80K,-0.25%
4/11/2023,80300,80200,80500,80100,534.00K,0.00%
4/12/2023,80300,80300,80500,79900,574.70K,0.00%
4/13/2023,79600,80300,80400,79300,540.50K,-0.87%
4/14/2023,79600,79900,80100,79300,398.80K,0.00%
4/17/2023,79600,79600,79700,79000,449.90K,0.00%
4/18/2023,79400,79600,80000,79200,301.60K,-0.25%
4/19/2023,79300,79800,79800,79300,419.80K,-0.13%
4/20/2023,79400,79800,79800,79200,364.40K,0.13%
4/21/2023,79300,80000,80000,79300,324.00K,-0.13%
4/24/2023,79100,79500,80600,79000,794.50K,-0.25%
4/25/2023,78400,79100,79300,78300,540.00K,-0.88%
4/26/2023,78300,78100,78400,77600,772.00K,-0.13%
4/27/2023,78300,78100,78800,78100,221.00K,0.00%
4/28/2023,77500,78800,78800,77500,945.60K,-1.02%
5/4/2023,78500,77800,78700,77600,497.20K,1.29%
5/5/2023,78400,78600,78600,78200,319.20K,-0.13%
5/8/2023,78500,78500,78900,78400,362.90K,0.13%
5/9/2023,78900,78000,79800,78000,580.90K,0.51%
5/10/2023,77500,79200,79600,77500,529.10K,-1.77%
