"Ngày","Lần cuối","Mở","Cao","Thấp","KL","% Thay đổi"
"31/03/2023","29,200.0","28,900.0","29,200.0","28,700.0","2.33M","0.69%"
"30/03/2023","29,000.0","29,100.0","29,200.0","28,800.0","1.45M","0.00%"
"29/03/2023","29,000.0","28,800.0","29,050.0","28,800.0","1.73M","0.35%"
"28/03/2023","28,900.0","28,750.0","29,000.0","28,750.0","1.90M","0.52%"
"27/03/2023","28,750.0","28,500.0","28,900.0","28,300.0","1.39M","0.88%"
"24/03/2023","28,500.0","28,700.0","28,850.0","28,300.0","2.54M","-0.70%"
"23/03/2023","28,700.0","28,200.0","28,700.0","28,100.0","1.61M","0.70%"
"22/03/2023","28,500.0","28,450.0","28,700.0","28,200.0","1.38M","0.71%"
"21/03/2023","28,300.0","28,600.0","28,600.0","28,000.0","1.06M","1.07%"
"20/03/2023","28,000.0","28,950.0","28,950.0","28,000.0","1.61M","-3.45%"
"17/03/2023","29,000.0","29,050.0","29,300.0","28,800.0","1.14M","0.17%"
"16/03/2023","28,950.0","29,000.0","29,200.0","28,500.0","2.15M","-1.86%"
"15/03/2023","29,500.0","29,300.0","29,600.0","29,050.0","2.80M","1.72%"
"14/03/2023","29,000.0","29,250.0","29,250.0","28,350.0","2.14M","-1.02%"
"13/03/2023","29,300.0","28,650.0","29,400.0","28,600.0","1.86M","0.34%"
"10/03/2023","29,200.0","29,250.0","29,250.0","28,700.0","1.61M","-0.68%"
"09/03/2023","29,400.0","29,400.0","29,700.0","29,250.0","2.36M","0.00%"
"08/03/2023","29,400.0","28,500.0","29,500.0","28,450.0","3.42M","1.38%"
"07/03/2023","29,000.0","28,350.0","29,000.0","28,350.0","2.88M","2.29%"
"06/03/2023","28,350.0","27,850.0","28,750.0","27,850.0","3.19M","1.98%"
"03/03/2023","27,800.0","28,000.0","28,000.0","27,450.0","1.75M","0.00%"
"02/03/2023","27,800.0","28,300.0","28,350.0","27,750.0","1.83M","-1.59%"
"01/03/2023","28,250.0","27,350.0","28,250.0","27,100.0","2.17M","3.10%"
"28/02/2023","27,400.0","27,800.0","28,000.0","27,400.0","1.28M","-0.54%"
"27/02/2023","27,550.0","28,200.0","28,200.0","27,450.0","1.75M","-2.48%"
"24/02/2023","28,250.0","28,900.0","28,900.0","28,250.0","2.19M","-2.59%"
"23/02/2023","29,000.0","28,500.0","29,000.0","28,300.0","4.08M","0.35%"
"22/02/2023","28,900.0","29,600.0","29,700.0","28,900.0","3.94M","-3.18%"
"21/02/2023","29,850.0","30,400.0","30,500.0","29,850.0","2.96M","-1.97%"
"20/02/2023","30,450.0","29,850.0","30,450.0","29,700.0","4.57M","2.70%"
"17/02/2023","29,650.0","29,700.0","29,900.0","29,400.0","2.24M","-0.17%"
"16/02/2023","29,700.0","29,050.0","29,950.0","28,950.0","2.90M","2.77%"
"15/02/2023","28,900.0","28,700.0","29,350.0","28,600.0","1.47M","0.70%"
"14/02/2023","28,700.0","29,300.0","29,400.0","28,700.0","1.75M","-1.54%"
"13/02/2023","29,150.0","28,850.0","29,300.0","28,800.0","2.13M","0.17%"
"10/02/2023","29,100.0","29,400.0","29,800.0","29,100.0","2.10M","-1.02%"
"09/02/2023","29,400.0","29,900.0","30,200.0","29,400.0","2.70M","-1.67%"
"08/02/2023","29,900.0","29,250.0","30,200.0","29,200.0","3.16M","2.40%"
"07/02/2023","29,200.0","29,800.0","30,200.0","29,150.0","3.25M","-2.34%"
"06/02/2023","29,900.0","28,800.0","29,900.0","28,550.0","2.63M","2.93%"
"03/02/2023","29,050.0","29,200.0","29,400.0","29,050.0","3.62M","-0.51%"
"02/02/2023","29,200.0","29,000.0","29,450.0","28,700.0","3.14M","0.69%"
"01/02/2023","29,000.0","30,500.0","30,650.0","28,500.0","4.35M","-4.92%"
"31/01/2023","30,500.0","29,700.0","30,500.0","29,500.0","3.45M","2.52%"
"30/01/2023","29,750.0","30,000.0","30,150.0","29,700.0","3.74M","-1.98%"
"27/01/2023","30,350.0","31,100.0","31,250.0","30,200.0","3.43M","-2.41%"
"19/01/2023","31,100.0","30,700.0","31,100.0","30,150.0","5.01M","1.14%"
"18/01/2023","30,750.0","30,600.0","30,850.0","30,400.0","3.20M","0.49%"
"17/01/2023","30,600.0","30,100.0","30,650.0","30,100.0","3.48M","2.00%"
"16/01/2023","30,000.0","29,100.0","30,000.0","28,900.0","5.35M","3.09%"
"13/01/2023","29,100.0","29,100.0","29,200.0","28,400.0","2.97M","0.69%"
"12/01/2023","28,900.0","29,100.0","29,200.0","28,750.0","2.47M","-0.69%"
"11/01/2023","29,100.0","28,600.0","29,150.0","28,600.0","3.43M","1.93%"
"10/01/2023","28,550.0","29,200.0","29,200.0","28,550.0","3.06M","-1.89%"
"09/01/2023","29,100.0","28,700.0","29,100.0","28,700.0","4.25M","1.75%"
"06/01/2023","28,600.0","28,500.0","29,250.0","28,050.0","6.74M","0.35%"
"05/01/2023","28,500.0","28,500.0","28,750.0","28,250.0","2.11M","0.00%"
"04/01/2023","28,500.0","28,000.0","28,900.0","27,900.0","5.78M","1.79%"
"03/01/2023","28,000.0","27,350.0","28,000.0","27,250.0","3.48M","2.75%"
"30/12/2022","27,250.0","27,000.0","27,350.0","26,750.0","1.39M","0.93%"
"29/12/2022","27,000.0","27,100.0","27,500.0","26,900.0","1.72M","-0.55%"
"28/12/2022","27,150.0","26,600.0","27,200.0","26,300.0","1.89M","2.07%"
"27/12/2022","26,600.0","26,100.0","26,750.0","26,000.0","2.59M","2.11%"
"26/12/2022","26,050.0","27,650.0","27,700.0","26,000.0","2.96M","-5.79%"
"23/12/2022","27,650.0","27,500.0","27,950.0","27,300.0","2.82M","0.18%"
"22/12/2022","27,600.0","27,500.0","28,150.0","27,500.0","3.35M","0.36%"
"21/12/2022","27,500.0","28,000.0","28,000.0","27,000.0","3.06M","-1.79%"
"20/12/2022","28,000.0","27,550.0","28,000.0","26,600.0","6.58M","1.63%"
"19/12/2022","27,550.0","28,000.0","28,500.0","27,550.0","5.17M","-1.78%"
"16/12/2022","28,050.0","27,750.0","28,250.0","27,750.0","3.22M","-0.71%"
"15/12/2022","28,250.0","27,900.0","28,250.0","27,900.0","3.53M","1.25%"
"14/12/2022","27,900.0","28,400.0","28,450.0","27,850.0","2.42M","-0.89%"
"13/12/2022","28,150.0","27,300.0","28,200.0","27,100.0","3.91M","2.55%"
"12/12/2022","27,450.0","28,000.0","28,200.0","27,450.0","3.85M","-2.14%"
"09/12/2022","28,050.0","27,800.0","28,050.0","27,050.0","4.99M","0.90%"
"08/12/2022","27,800.0","27,600.0","28,900.0","27,400.0","5.28M","1.65%"
"07/12/2022","27,350.0","26,900.0","27,800.0","26,750.0","4.10M","1.30%"
"06/12/2022","27,000.0","28,100.0","28,600.0","26,850.0","7.66M","-5.59%"
"05/12/2022","28,600.0","28,500.0","28,600.0","27,800.0","7.69M","2.33%"
"02/12/2022","27,950.0","26,300.0","27,950.0","26,050.0","8.94M","6.88%"
"01/12/2022","26,150.0","27,350.0","27,700.0","26,000.0","10.77M","-4.04%"
"30/11/2022","27,250.0","27,050.0","28,000.0","26,650.0","6.37M","-0.55%"
"29/11/2022","27,400.0","27,000.0","27,400.0","26,100.0","9.67M","0.37%"
"28/11/2022","27,300.0","26,100.0","27,450.0","26,100.0","11.09M","5.81%"
"25/11/2022","25,800.0","24,900.0","25,800.0","24,650.0","14.16M","4.88%"
"24/11/2022","24,600.0","24,250.0","24,600.0","23,800.0","4.14M","0.82%"
"23/11/2022","24,400.0","23,900.0","24,750.0","23,800.0","5.92M","2.09%"
"22/11/2022","23,900.0","23,900.0","24,900.0","23,500.0","7.65M","-0.83%"
"21/11/2022","24,100.0","24,700.0","24,800.0","24,100.0","5.68M","-2.43%"
"18/11/2022","24,700.0","24,550.0","25,000.0","23,500.0","11.62M","-1.20%"
"17/11/2022","25,000.0","25,000.0","25,800.0","24,650.0","11.68M","0.81%"
"16/11/2022","24,800.0","22,300.0","24,900.0","22,250.0","13.03M","5.98%"
"15/11/2022","23,400.0","23,600.0","23,900.0","22,250.0","10.69M","-2.09%"
"14/11/2022","23,900.0","23,200.0","24,350.0","22,750.0","9.03M","1.27%"
"11/11/2022","23,600.0","23,750.0","24,300.0","23,400.0","9.79M","3.74%"
"10/11/2022","22,750.0","24,100.0","24,300.0","22,750.0","9.62M","-6.95%"
"09/11/2022","24,450.0","24,100.0","24,850.0","24,000.0","10.21M","2.52%"
"08/11/2022","23,850.0","23,000.0","24,150.0","23,000.0","6.27M","2.14%"
"07/11/2022","23,350.0","24,300.0","24,500.0","23,050.0","7.03M","-4.69%"
"04/11/2022","24,500.0","23,400.0","24,500.0","22,000.0","13.96M","3.81%"
"03/11/2022","23,600.0","23,550.0","24,100.0","23,500.0","7.49M","-1.67%"
"02/11/2022","24,000.0","24,050.0","24,550.0","23,850.0","5.39M","-1.84%"
"01/11/2022","24,450.0","24,700.0","25,450.0","24,400.0","8.83M","-0.61%"
"31/10/2022","24,600.0","24,300.0","24,650.0","23,350.0","10.12M","2.29%"
"28/10/2022","24,050.0","24,300.0","24,900.0","24,000.0","7.63M","0.42%"
"27/10/2022","23,950.0","22,750.0","23,950.0","22,500.0","8.01M","6.92%"
"26/10/2022","22,400.0","22,450.0","23,200.0","22,350.0","3.45M","-0.22%"
"25/10/2022","22,450.0","21,200.0","22,450.0","20,950.0","8.65M","6.90%"
"24/10/2022","21,000.0","21,700.0","22,000.0","20,800.0","4.95M","-3.00%"
"21/10/2022","21,650.0","23,250.0","23,250.0","21,650.0","6.66M","-6.88%"
"20/10/2022","23,250.0","23,200.0","23,700.0","22,650.0","3.88M","0.22%"
"19/10/2022","23,200.0","23,000.0","23,350.0","22,550.0","4.12M","0.87%"
"18/10/2022","23,000.0","22,900.0","23,400.0","22,850.0","3.90M","2.00%"
"17/10/2022","22,550.0","22,600.0","22,750.0","21,900.0","4.72M","-0.66%"
"14/10/2022","22,700.0","22,850.0","22,950.0","22,450.0","5.66M","1.34%"
"13/10/2022","22,400.0","21,300.0","22,400.0","21,150.0","6.24M","5.91%"
"12/10/2022","21,150.0","20,000.0","21,150.0","19,900.0","4.72M","6.82%"
"11/10/2022","19,800.0","20,700.0","20,750.0","19,500.0","5.49M","-4.35%"
"10/10/2022","20,700.0","19,700.0","20,950.0","19,500.0","4.92M","3.76%"
"07/10/2022","19,950.0","21,300.0","21,300.0","19,950.0","8.38M","-6.78%"
"06/10/2022","21,400.0","22,000.0","22,250.0","21,250.0","4.26M","-2.73%"
"05/10/2022","22,000.0","21,300.0","22,200.0","21,300.0","4.28M","6.02%"
"04/10/2022","20,750.0","22,000.0","22,700.0","20,500.0","5.64M","-3.94%"
"03/10/2022","21,600.0","22,700.0","23,000.0","21,600.0","5.69M","-6.90%"
"30/09/2022","23,200.0","22,650.0","23,250.0","22,450.0","5.38M","2.65%"
"29/09/2022","22,600.0","23,550.0","23,900.0","22,600.0","3.42M","-3.00%"
"28/09/2022","23,300.0","23,400.0","23,750.0","23,300.0","2.71M","-0.64%"
"27/09/2022","23,450.0","23,500.0","23,900.0","23,300.0","2.45M","-0.21%"
"26/09/2022","23,500.0","24,700.0","24,700.0","23,250.0","6.44M","-6.00%"
"23/09/2022","25,000.0","25,400.0","25,600.0","25,000.0","1.59M","-1.57%"
"22/09/2022","25,400.0","25,300.0","25,600.0","25,000.0","3.21M","-0.59%"
"21/09/2022","25,550.0","25,900.0","25,950.0","25,500.0","1.25M","-1.73%"
"20/09/2022","26,000.0","25,600.0","26,000.0","25,600.0","2.00M","1.96%"
"19/09/2022","25,500.0","25,950.0","26,150.0","25,250.0","2.35M","-2.67%"
"16/09/2022","26,200.0","26,600.0","26,900.0","26,200.0","1.98M","-2.60%"
"15/09/2022","26,900.0","27,000.0","27,300.0","26,900.0","1.28M","-0.37%"
"14/09/2022","27,000.0","27,000.0","27,200.0","26,900.0","2.11M","-1.82%"
"13/09/2022","27,500.0","27,100.0","27,650.0","27,050.0","2.41M","1.66%"
"12/09/2022","27,050.0","27,000.0","27,250.0","27,000.0","1.60M","0.74%"
"09/09/2022","26,850.0","26,950.0","27,200.0","26,350.0","1.82M","0.00%"
"08/09/2022","26,850.0","27,500.0","27,600.0","26,850.0","3.66M","-1.83%"
"07/09/2022","27,350.0","28,250.0","28,400.0","27,350.0","4.26M","-3.19%"
"06/09/2022","28,250.0","27,900.0","28,650.0","27,900.0","3.02M","1.07%"
"05/09/2022","27,950.0","28,250.0","28,350.0","27,900.0","1.76M","-1.06%"
"31/08/2022","28,250.0","28,300.0","28,500.0","27,900.0","2.08M","-0.53%"
"30/08/2022","28,400.0","27,900.0","28,550.0","27,900.0","3.60M","1.79%"
"29/08/2022","27,900.0","28,150.0","28,200.0","27,600.0","4.12M","-1.93%"
"26/08/2022","28,450.0","28,900.0","28,900.0","28,350.0","3.92M","-0.87%"
"25/08/2022","28,700.0","28,350.0","28,700.0","28,100.0","4.17M","1.77%"
"24/08/2022","28,200.0","28,350.0","28,550.0","28,150.0","3.13M","0.71%"
"23/08/2022","28,000.0","27,800.0","28,150.0","27,650.0","4.28M","0.00%"
"22/08/2022","28,000.0","28,250.0","28,400.0","27,850.0","5.54M","-0.88%"
"19/08/2022","28,250.0","28,650.0","29,050.0","28,200.0","4.90M","-1.74%"
"18/08/2022","28,750.0","29,100.0","29,150.0","28,750.0","3.64M","-1.20%"
"17/08/2022","29,100.0","29,300.0","29,450.0","29,100.0","3.66M","-0.34%"
"16/08/2022","29,200.0","29,450.0","29,500.0","29,100.0","3.84M","-0.85%"
"15/08/2022","29,450.0","28,850.0","29,450.0","28,800.0","6.23M","2.79%"
"12/08/2022","28,650.0","28,550.0","28,700.0","28,400.0","1.82M","0.53%"
"11/08/2022","28,500.0","28,750.0","29,000.0","28,400.0","4.33M","0.18%"
"10/08/2022","28,450.0","28,600.0","28,850.0","28,350.0","3.66M","-1.22%"
"09/08/2022","28,800.0","29,050.0","29,100.0","28,650.0","3.51M","-0.69%"
"08/08/2022","29,000.0","29,050.0","29,250.0","28,850.0","3.12M","0.00%"
"05/08/2022","29,000.0","28,900.0","29,100.0","28,700.0","2.95M","0.52%"
"04/08/2022","28,850.0","29,200.0","29,300.0","28,750.0","5.24M","-0.86%"
"03/08/2022","29,100.0","28,400.0","29,250.0","28,300.0","6.14M","1.75%"
"02/08/2022","28,600.0","28,600.0","28,950.0","28,350.0","4.57M","-0.35%"
"01/08/2022","28,700.0","27,550.0","28,700.0","27,550.0","8.64M","5.51%"
"29/07/2022","27,200.0","27,750.0","28,000.0","27,200.0","5.46M","-1.45%"
"28/07/2022","27,600.0","27,200.0","28,200.0","27,000.0","9.20M","2.22%"
"27/07/2022","27,000.0","26,400.0","27,000.0","26,250.0","1.60M","1.69%"
"26/07/2022","26,550.0","26,850.0","26,900.0","26,500.0","2.17M","-0.19%"
"25/07/2022","26,600.0","26,750.0","27,100.0","26,600.0","2.22M","-1.12%"
"22/07/2022","26,900.0","27,600.0","27,650.0","26,900.0","3.25M","-2.18%"
"21/07/2022","27,500.0","27,050.0","27,500.0","27,050.0","4.82M","1.66%"
"20/07/2022","27,050.0","26,950.0","27,350.0","26,600.0","4.32M","1.88%"
"19/07/2022","26,550.0","26,750.0","26,900.0","26,300.0","2.70M","-1.30%"
"18/07/2022","26,900.0","27,100.0","27,200.0","26,900.0","3.48M","-0.37%"
"15/07/2022","27,000.0","27,200.0","27,500.0","27,000.0","7.02M","0.00%"
"14/07/2022","27,000.0","26,500.0","27,200.0","26,300.0","5.26M","1.69%"
"13/07/2022","26,550.0","25,750.0","26,950.0","25,750.0","3.87M","3.31%"
"12/07/2022","25,700.0","25,500.0","26,000.0","25,400.0","3.62M","0.78%"
"11/07/2022","25,500.0","25,850.0","25,850.0","25,450.0","2.43M","-1.54%"
"08/07/2022","25,900.0","26,500.0","26,650.0","25,750.0","2.66M","-1.52%"
"07/07/2022","26,300.0","25,900.0","26,800.0","25,800.0","3.33M","1.74%"
"06/07/2022","25,850.0","26,250.0","26,900.0","25,800.0","4.21M","-4.26%"
"05/07/2022","27,000.0","26,550.0","27,500.0","26,550.0","4.93M","1.50%"
"04/07/2022","26,600.0","27,150.0","27,150.0","26,600.0","4.01M","-1.30%"
"01/07/2022","26,950.0","26,200.0","27,000.0","25,550.0","3.53M","3.06%"
"30/06/2022","26,150.0","26,800.0","26,950.0","26,100.0","3.00M","-2.61%"
"29/06/2022","26,850.0","26,550.0","27,000.0","26,550.0","3.77M","0.56%"
"28/06/2022","26,700.0","25,500.0","27,350.0","24,950.0","8.84M","4.30%"
"27/06/2022","25,600.0","24,750.0","25,650.0","24,700.0","3.90M","3.43%"
"24/06/2022","24,750.0","25,250.0","25,500.0","24,700.0","2.95M","-1.98%"
"23/06/2022","25,250.0","23,500.0","25,250.0","23,500.0","4.67M","6.99%"
"22/06/2022","23,600.0","23,350.0","24,000.0","23,350.0","2.77M","2.39%"
"21/06/2022","23,050.0","22,500.0","23,550.0","22,500.0","4.59M","1.99%"
"20/06/2022","22,600.0","23,400.0","23,850.0","22,600.0","4.73M","-4.03%"
"17/06/2022","23,550.0","24,000.0","24,150.0","23,050.0","3.15M","-4.66%"
"16/06/2022","24,700.0","24,800.0","25,200.0","24,500.0","2.22M","0.82%"
"15/06/2022","24,500.0","25,000.0","25,400.0","24,050.0","3.21M","-2.97%"
"14/06/2022","25,250.0","25,000.0","25,750.0","24,700.0","2.87M","0.00%"
"13/06/2022","25,250.0","26,500.0","26,600.0","25,250.0","6.91M","-6.83%"
"10/06/2022","27,100.0","27,500.0","27,600.0","27,100.0","3.10M","-2.17%"
"09/06/2022","27,700.0","27,900.0","27,900.0","27,500.0","2.57M","0.00%"
"08/06/2022","27,700.0","27,400.0","28,100.0","27,300.0","5.33M","1.09%"
"07/06/2022","27,400.0","27,200.0","27,400.0","26,500.0","2.89M","0.74%"
"06/06/2022","27,200.0","27,400.0","27,750.0","27,200.0","3.76M","-0.73%"
"03/06/2022","27,400.0","27,400.0","27,600.0","26,850.0","2.22M","-1.26%"
"02/06/2022","27,750.0","27,750.0","28,000.0","27,300.0","4.39M","0.00%"
"01/06/2022","27,750.0","27,550.0","28,000.0","27,500.0","4.14M","-0.54%"
"31/05/2022","27,900.0","27,050.0","27,950.0","27,000.0","6.06M","2.20%"
"30/05/2022","27,300.0","27,050.0","27,400.0","27,000.0","2.82M","1.11%"
"27/05/2022","27,000.0","27,000.0","27,250.0","26,700.0","3.93M","1.12%"
"26/05/2022","26,700.0","27,250.0","27,250.0","26,550.0","3.78M","-0.74%"
"25/05/2022","26,900.0","26,000.0","27,000.0","26,000.0","4.50M","3.46%"
"24/05/2022","26,000.0","25,000.0","26,000.0","25,000.0","4.45M","4.00%"
"23/05/2022","25,000.0","25,950.0","26,200.0","25,000.0","4.21M","-3.47%"
"20/05/2022","25,900.0","26,100.0","26,450.0","25,850.0","5.05M","-0.77%"
"19/05/2022","26,100.0","26,000.0","26,400.0","25,800.0","4.27M","-1.88%"
"18/05/2022","26,600.0","26,550.0","27,250.0","26,300.0","6.43M","1.33%"
"17/05/2022","26,250.0","24,400.0","26,250.0","24,400.0","5.91M","6.92%"
"16/05/2022","24,550.0","25,000.0","25,350.0","24,500.0","5.22M","2.72%"
"13/05/2022","23,900.0","25,000.0","25,150.0","23,500.0","8.03M","-4.40%"
"12/05/2022","25,000.0","26,050.0","26,600.0","24,850.0","6.37M","-6.37%"
"11/05/2022","26,700.0","25,350.0","26,900.0","25,200.0","5.67M","5.95%"
"10/05/2022","25,200.0","24,000.0","25,300.0","24,000.0","6.49M","0.20%"
"09/05/2022","25,150.0","26,700.0","26,800.0","25,150.0","5.43M","-6.85%"
"06/05/2022","27,000.0","27,300.0","27,900.0","27,000.0","2.34M","-3.23%"
"05/05/2022","27,900.0","27,400.0","27,900.0","27,000.0","4.60M","3.33%"
"04/05/2022","27,000.0","27,750.0","28,000.0","26,900.0","4.60M","-2.70%"
"29/04/2022","27,750.0","27,850.0","28,350.0","27,750.0","5.95M","-1.60%"
"28/04/2022","28,200.0","28,300.0","28,450.0","27,950.0","2.07M","-0.35%"
"27/04/2022","28,300.0","27,650.0","28,300.0","27,500.0","3.38M","2.35%"
"26/04/2022","27,650.0","27,000.0","27,750.0","25,500.0","5.98M","1.10%"
"25/04/2022","27,350.0","29,350.0","29,350.0","27,350.0","6.29M","-6.97%"
"22/04/2022","29,400.0","29,450.0","29,600.0","28,900.0","3.59M","1.38%"
"21/04/2022","29,000.0","28,600.0","29,500.0","28,400.0","5.31M","1.05%"
"20/04/2022","28,700.0","28,750.0","29,300.0","28,550.0","4.26M","-0.17%"
"19/04/2022","28,750.0","29,500.0","29,900.0","28,750.0","4.64M","-1.54%"
"18/04/2022","29,200.0","30,900.0","30,900.0","29,200.0","8.40M","-5.81%"
"15/04/2022","31,000.0","31,450.0","31,450.0","30,900.0","5.07M","-0.64%"
"14/04/2022","31,200.0","31,500.0","31,900.0","31,150.0","2.93M","-0.95%"
"13/04/2022","31,500.0","31,200.0","31,650.0","31,200.0","4.19M","1.61%"
"12/04/2022","31,000.0","32,150.0","32,200.0","31,000.0","5.69M","-3.28%"
"08/04/2022","32,050.0","32,500.0","32,550.0","32,050.0","5.33M","-1.54%"
"07/04/2022","32,550.0","32,700.0","33,000.0","32,350.0","6.08M","-0.15%"
"06/04/2022","32,600.0","32,100.0","32,650.0","32,100.0","5.77M","0.77%"
"05/04/2022","32,350.0","32,500.0","32,800.0","32,350.0","6.08M","-1.52%"
"04/04/2022","32,850.0","33,400.0","33,400.0","32,850.0","6.67M","-0.61%"
"01/04/2022","33,050.0","32,500.0","33,150.0","32,450.0","8.66M","1.85%"
"31/03/2022","32,450.0","32,100.0","32,600.0","32,100.0","4.79M","1.25%"
"30/03/2022","32,050.0","31,900.0","32,550.0","31,850.0","5.04M","0.16%"
"29/03/2022","32,000.0","32,000.0","32,100.0","31,900.0","2.98M","0.63%"
"28/03/2022","31,800.0","32,200.0","32,550.0","31,800.0","6.38M","-1.24%"
"25/03/2022","32,200.0","32,500.0","32,700.0","32,100.0","5.56M","-1.08%"
"24/03/2022","32,550.0","32,800.0","32,900.0","32,550.0","4.49M","-0.91%"
"23/03/2022","32,850.0","33,000.0","33,450.0","32,850.0","4.02M","-0.45%"
"22/03/2022","33,000.0","32,800.0","33,250.0","32,800.0","6.09M","0.46%"
"21/03/2022","32,850.0","32,800.0","32,950.0","32,550.0","3.45M","0.15%"
"18/03/2022","32,800.0","32,900.0","33,200.0","32,800.0","4.22M","0.31%"
"17/03/2022","32,700.0","32,300.0","32,950.0","32,200.0","8.35M","2.19%"
"16/03/2022","32,000.0","32,250.0","32,350.0","32,000.0","4.34M","0.16%"
"15/03/2022","31,950.0","31,950.0","32,250.0","31,850.0","3.68M","0.16%"
"14/03/2022","31,900.0","32,300.0","32,400.0","31,800.0","4.98M","-1.09%"
"11/03/2022","32,250.0","32,100.0","32,400.0","32,050.0","3.73M","0.47%"
"10/03/2022","32,100.0","32,500.0","32,700.0","32,100.0","3.81M","0.31%"
"09/03/2022","32,000.0","32,100.0","32,350.0","31,700.0","5.73M","-0.16%"
"08/03/2022","32,050.0","32,000.0","32,450.0","31,950.0","7.18M","-0.31%"
"07/03/2022","32,150.0","32,100.0","32,500.0","32,100.0","9.90M","-1.83%"
"04/03/2022","32,750.0","32,650.0","32,950.0","32,400.0","5.93M","0.46%"
"03/03/2022","32,600.0","32,100.0","32,600.0","32,050.0","6.54M","1.88%"
"02/03/2022","32,000.0","33,200.0","33,250.0","31,900.0","20.42M","-3.90%"
"01/03/2022","33,300.0","33,300.0","33,600.0","33,150.0","7.74M","0.45%"
"28/02/2022","33,150.0","33,850.0","33,850.0","33,150.0","12.72M","-2.07%"
"25/02/2022","33,850.0","34,100.0","34,300.0","33,700.0","10.21M","0.00%"
"24/02/2022","33,850.0","34,600.0","34,700.0","33,100.0","16.48M","-2.87%"
"23/02/2022","34,850.0","34,900.0","35,150.0","34,700.0","6.73M","0.72%"
"22/02/2022","34,600.0","34,000.0","34,700.0","33,750.0","9.00M","0.58%"
"21/02/2022","34,400.0","34,600.0","34,850.0","33,800.0","12.02M","-0.58%"
"18/02/2022","34,600.0","34,650.0","34,950.0","34,550.0","8.30M","-0.86%"
"17/02/2022","34,900.0","34,750.0","35,150.0","34,650.0","5.95M","0.72%"
"16/02/2022","34,650.0","35,300.0","35,400.0","34,550.0","7.86M","-0.86%"
"15/02/2022","34,950.0","34,800.0","35,200.0","34,500.0","13.31M","1.01%"
"14/02/2022","34,600.0","36,350.0","36,500.0","34,600.0","15.12M","-5.98%"
"11/02/2022","36,800.0","36,850.0","37,300.0","36,800.0","10.41M","0.14%"
"10/02/2022","36,750.0","36,400.0","36,900.0","36,100.0","8.99M","1.10%"
"09/02/2022","36,350.0","36,500.0","37,100.0","36,350.0","9.20M","-0.41%"
"08/02/2022","36,500.0","36,200.0","37,000.0","36,050.0","9.10M","0.55%"
"07/02/2022","36,300.0","37,400.0","37,400.0","36,300.0","14.88M","-1.63%"
"28/01/2022","36,900.0","36,800.0","37,400.0","36,700.0","8.73M","0.00%"
"27/01/2022","36,900.0","37,150.0","37,650.0","36,700.0","11.74M","-1.99%"
"26/01/2022","37,650.0","37,500.0","38,200.0","37,050.0","21.98M","1.76%"
"25/01/2022","37,000.0","35,600.0","37,000.0","35,600.0","18.85M","3.79%"
"24/01/2022","35,650.0","35,500.0","36,450.0","35,350.0","17.48M","0.28%"
"21/01/2022","35,550.0","35,100.0","36,500.0","34,800.0","15.42M","1.28%"
"20/01/2022","35,100.0","33,500.0","35,450.0","33,100.0","13.77M","3.85%"
"19/01/2022","33,800.0","34,900.0","35,150.0","33,750.0","9.74M","-2.17%"
"18/01/2022","34,550.0","34,700.0","35,650.0","34,200.0","15.07M","-1.29%"
"17/01/2022","35,000.0","35,600.0","36,750.0","34,300.0","27.50M","-1.27%"
"14/01/2022","35,450.0","35,000.0","35,800.0","34,600.0","9.26M","0.85%"
"13/01/2022","35,150.0","34,400.0","36,200.0","34,150.0","35.12M","2.93%"
"12/01/2022","34,150.0","33,000.0","34,200.0","32,250.0","12.78M","3.48%"
"11/01/2022","33,000.0","33,500.0","33,700.0","32,750.0","7.06M","-0.90%"
"10/01/2022","33,300.0","33,300.0","33,650.0","33,050.0","8.31M","0.30%"
"07/01/2022","33,200.0","34,000.0","34,450.0","33,100.0","12.41M","-2.35%"
"06/01/2022","34,000.0","34,500.0","34,550.0","33,850.0","11.75M","-2.16%"
"05/01/2022","34,750.0","35,000.0","35,200.0","34,700.0","10.44M","0.00%"
"04/01/2022","34,750.0","34,450.0","34,950.0","34,200.0","12.03M","2.51%"
"31/12/2021","33,900.0","34,000.0","34,900.0","33,900.0","13.26M","0.30%"
"30/12/2021","33,800.0","34,100.0","34,400.0","33,800.0","6.29M","-1.02%"
"29/12/2021","34,150.0","34,000.0","34,450.0","33,900.0","10.23M","0.74%"
"28/12/2021","33,900.0","33,500.0","34,250.0","33,400.0","13.59M","1.50%"
"27/12/2021","33,400.0","33,000.0","33,450.0","32,850.0","8.11M","1.52%"
"24/12/2021","32,900.0","31,950.0","33,000.0","31,850.0","6.64M","2.17%"
"23/12/2021","32,200.0","31,700.0","32,200.0","31,050.0","8.94M","1.74%"
"22/12/2021","31,650.0","32,250.0","32,250.0","31,550.0","9.34M","-1.09%"
"21/12/2021","32,000.0","32,400.0","32,700.0","32,000.0","6.86M","-1.39%"
"20/12/2021","32,450.0","32,900.0","33,000.0","32,400.0","4.92M","-1.52%"
"17/12/2021","32,950.0","32,500.0","33,200.0","32,300.0","8.04M","1.38%"
"16/12/2021","32,500.0","32,450.0","32,700.0","32,200.0","6.68M","0.78%"
"15/12/2021","32,250.0","32,400.0","32,700.0","32,200.0","5.40M","-0.46%"
"14/12/2021","32,400.0","33,000.0","33,050.0","32,350.0","7.28M","-0.92%"
"13/12/2021","32,700.0","33,090.4","33,285.7","32,700.0","8.12M","-0.15%"
"10/12/2021","32,748.8","32,992.8","33,383.3","32,700.0","5.91M","-0.59%"
"09/12/2021","32,944.0","32,211.9","32,944.0","32,114.3","5.94M","2.27%"
"08/12/2021","32,211.9","32,163.1","32,456.0","31,919.1","6.39M","0.92%"
"07/12/2021","31,919.1","31,723.9","32,114.3","31,577.4","6.32M","1.87%"
"06/12/2021","31,333.4","32,211.9","32,553.6","30,845.4","12.85M","-2.73%"
"03/12/2021","32,211.9","33,383.3","33,383.3","32,211.9","9.83M","-2.37%"
"02/12/2021","32,992.8","33,578.5","33,920.1","32,992.8","7.86M","-0.59%"
"01/12/2021","33,188.0","32,748.8","33,188.0","32,456.0","9.08M","1.34%"
"30/11/2021","32,748.8","34,164.2","34,261.8","32,504.8","11.07M","-2.04%"
"29/11/2021","33,432.1","32,748.8","33,871.3","32,748.8","13.76M","-0.15%"
"26/11/2021","33,480.9","34,359.4","34,603.4","33,285.7","15.20M","-2.42%"
"25/11/2021","34,310.6","34,945.1","34,945.1","34,213.0","14.25M","-0.71%"
"24/11/2021","34,554.6","33,383.3","34,554.6","33,236.9","25.48M","3.81%"
"23/11/2021","33,285.7","33,627.3","33,627.3","32,895.2","9.85M","-1.16%"
"22/11/2021","33,676.1","32,260.7","34,017.7","32,211.9","27.85M","5.18%"
"19/11/2021","32,016.7","31,431.0","32,407.2","31,382.2","21.68M","2.02%"
"18/11/2021","31,382.2","31,479.8","31,723.9","31,138.2","9.93M","-0.31%"
"17/11/2021","31,479.8","31,675.1","31,723.9","31,382.2","6.72M","-0.46%"
"16/11/2021","31,626.3","31,528.6","31,967.9","31,431.0","8.84M","-0.31%"
"15/11/2021","31,723.9","32,211.9","32,358.3","31,479.8","9.55M","-0.61%"
"12/11/2021","31,919.1","30,991.8","31,919.1","30,845.4","10.87M","2.35%"
"11/11/2021","31,187.0","31,626.3","31,723.9","30,747.7","14.02M","-1.69%"
"10/11/2021","31,723.9","32,211.9","32,309.5","31,723.9","8.51M","-1.37%"
"09/11/2021","32,163.1","32,163.1","32,553.6","31,967.9","15.59M","0.46%"
"08/11/2021","32,016.7","31,919.1","32,163.1","31,235.8","11.22M","0.31%"
"05/11/2021","31,919.1","31,967.9","32,016.7","31,431.0","10.49M","0.31%"
"04/11/2021","31,821.5","32,407.2","32,407.2","31,772.7","11.37M","-1.21%"
"03/11/2021","32,211.9","31,723.9","32,456.0","31,577.4","20.78M","1.85%"
"02/11/2021","31,626.3","31,431.0","31,821.5","31,284.6","11.82M","0.62%"
"01/11/2021","31,431.0","31,040.6","31,626.3","30,845.4","17.98M","2.22%"
"29/10/2021","30,747.7","30,747.7","30,991.8","30,503.7","13.02M","0.64%"
"28/10/2021","30,552.5","30,601.3","30,650.1","30,259.7","14.40M","0.64%"
"27/10/2021","30,357.3","29,478.8","30,454.9","29,234.8","19.61M","4.01%"
"26/10/2021","29,186.0","29,186.0","29,576.4","28,990.7","5.96M","0.00%"
"25/10/2021","29,186.0","28,941.9","29,430.0","28,649.1","8.17M","0.84%"
"22/10/2021","28,941.9","29,088.3","29,186.0","28,941.9","4.27M","-0.34%"
"21/10/2021","29,039.5","29,332.4","29,381.2","29,039.5","7.37M","-0.83%"
"20/10/2021","29,283.6","29,674.0","29,674.0","28,844.3","9.26M","-0.99%"
"19/10/2021","29,576.4","29,674.0","29,820.4","29,478.8","6.92M","0.33%"
"18/10/2021","29,478.8","30,015.7","30,113.3","29,430.0","9.76M","-1.47%"
"15/10/2021","29,918.0","29,966.9","30,210.9","29,771.6","8.25M","0.16%"
"14/10/2021","29,869.2","29,966.9","30,162.1","29,771.6","8.53M","-0.33%"
"13/10/2021","29,966.9","30,064.5","30,552.5","29,966.9","7.01M","-0.32%"
"12/10/2021","30,064.5","30,406.1","30,747.7","30,015.7","10.82M","-0.65%"
"11/10/2021","30,259.7","28,893.1","30,259.7","28,893.1","16.94M","5.26%"
"08/10/2021","28,746.7","28,795.5","28,941.9","28,649.1","6.60M","0.34%"
"07/10/2021","28,649.1","28,697.9","28,941.9","28,551.5","7.92M","0.17%"
"06/10/2021","28,600.3","29,039.5","29,088.3","28,356.3","6.89M","-0.68%"
"05/10/2021","28,795.5","28,307.5","28,844.3","28,307.5","8.71M","2.79%"
"04/10/2021","28,014.6","28,893.1","28,990.7","28,014.6","20.18M","-3.53%"
"01/10/2021","29,039.5","29,674.0","29,820.4","28,990.7","12.09M","-2.14%"
"30/09/2021","29,674.0","29,674.0","30,113.3","29,674.0","6.72M","0.00%"
"29/09/2021","29,674.0","30,210.9","30,259.7","29,625.2","10.28M","-1.78%"
"28/09/2021","30,210.9","30,064.5","30,308.5","29,966.9","6.73M","-0.16%"
"27/09/2021","30,259.7","31,040.6","31,138.2","30,259.7","7.76M","-2.21%"
"24/09/2021","30,943.0","30,943.0","31,138.2","30,845.4","6.35M","0.32%"
"23/09/2021","30,845.4","30,747.7","31,138.2","30,650.1","8.17M","0.80%"
"22/09/2021","30,601.3","30,650.1","30,796.6","30,406.1","7.71M","-0.48%"
"21/09/2021","30,747.7","30,747.7","30,943.0","30,552.5","8.14M","-1.10%"
"20/09/2021","31,089.4","31,528.6","31,528.6","31,089.4","8.74M","0.16%"
"17/09/2021","31,040.6","30,991.8","31,382.2","30,943.0","6.83M","0.47%"
"16/09/2021","30,894.2","30,747.7","31,284.6","30,650.1","6.37M","1.61%"
"15/09/2021","30,406.1","30,259.7","30,747.7","30,259.7","7.13M","-0.16%"
"14/09/2021","30,454.9","31,138.2","31,284.6","30,454.9","9.00M","-2.04%"
"13/09/2021","31,089.4","31,479.8","31,577.4","31,040.6","8.46M","-1.39%"
"10/09/2021","31,528.6","31,723.9","31,919.1","31,528.6","6.65M","-0.31%"
"09/09/2021","31,626.3","31,382.2","31,626.3","31,333.4","7.65M","0.78%"
"08/09/2021","31,382.2","32,016.7","32,260.7","31,235.8","8.36M","-1.53%"
"07/09/2021","31,870.3","31,382.2","32,163.1","31,382.2","10.82M","1.87%"
"06/09/2021","31,284.6","31,284.6","31,528.6","31,040.6","11.55M","0.00%"
"01/09/2021","31,284.6","31,040.6","31,528.6","30,845.4","15.29M","0.79%"
"31/08/2021","31,040.6","31,723.9","31,772.7","31,040.6","12.24M","-1.55%"
"30/08/2021","31,528.6","30,650.1","31,528.6","30,552.5","13.24M","3.69%"
"27/08/2021","30,406.1","29,966.9","30,454.9","29,381.2","19.89M","-0.16%"
"26/08/2021","30,454.9","31,528.6","31,919.1","30,357.3","21.10M","-2.95%"
"25/08/2021","31,382.2","31,919.1","32,016.7","30,943.0","18.21M","-1.83%"
"24/08/2021","31,967.9","32,114.3","32,407.2","31,870.3","11.18M","0.15%"
"23/08/2021","31,919.1","31,919.1","32,651.2","31,870.3","19.70M","0.00%"
"20/08/2021","31,919.1","33,480.9","33,920.1","31,235.8","23.43M","-4.66%"
"19/08/2021","33,480.9","33,529.7","33,676.1","33,334.5","11.37M","-0.58%"
"18/08/2021","33,676.1","33,871.3","33,968.9","33,480.9","11.15M","-0.29%"
"17/08/2021","33,773.7","34,554.6","34,652.2","33,724.9","11.93M","-1.42%"
"16/08/2021","34,261.8","33,480.9","34,603.4","33,285.7","21.66M","2.33%"
"13/08/2021","33,480.9","33,578.5","33,773.7","32,895.2","12.21M","-0.29%"
"12/08/2021","33,578.5","33,676.1","33,920.1","33,480.9","13.12M","0.29%"
"11/08/2021","33,480.9","33,822.5","34,261.8","33,480.9","17.30M","-1.01%"
"10/08/2021","33,822.5","34,115.4","34,115.4","33,627.3","12.04M","0.29%"
"09/08/2021","33,724.9","33,285.7","33,773.7","33,139.2","15.50M","1.17%"
"06/08/2021","33,334.5","33,529.7","34,066.6","33,285.7","18.94M","-0.15%"
"05/08/2021","33,383.3","33,090.4","33,383.3","32,797.6","13.35M","0.59%"
"04/08/2021","33,188.0","33,480.9","33,627.3","33,090.4","15.29M","-0.29%"
"03/08/2021","33,285.7","32,944.0","33,285.7","32,456.0","22.28M","1.04%"
"02/08/2021","32,944.0","32,992.8","33,383.3","32,846.4","25.10M","-1.89%"
"30/07/2021","33,578.5","33,188.0","33,871.3","33,139.2","20.78M","1.48%"
"29/07/2021","33,090.4","32,504.8","33,334.5","32,407.2","17.02M","3.04%"
"28/07/2021","32,114.3","31,723.9","32,309.5","31,723.9","7.15M","1.23%"
"27/07/2021","31,723.9","31,723.9","32,553.6","31,626.3","15.90M","1.09%"
"26/07/2021","31,382.2","31,431.0","31,723.9","31,040.6","10.15M","-1.08%"
"23/07/2021","31,723.9","32,358.3","32,895.2","31,723.9","16.26M","-2.99%"
"22/07/2021","32,700.0","32,065.5","33,139.2","31,967.9","13.30M","1.98%"
"21/07/2021","32,065.5","32,651.2","33,041.6","31,919.1","9.94M","-1.20%"
"20/07/2021","32,456.0","31,528.6","32,504.8","30,894.2","20.03M","3.10%"
"19/07/2021","31,479.8","32,700.0","33,139.2","31,479.8","20.73M","-6.93%"
"16/07/2021","33,822.5","34,554.6","34,554.6","33,822.5","9.67M","-1.00%"
"15/07/2021","34,164.2","32,992.8","34,603.4","32,797.6","15.11M","3.86%"
"14/07/2021","32,895.2","33,822.5","34,505.8","32,895.2","16.35M","-2.60%"
"13/07/2021","33,773.7","34,652.2","35,091.5","32,992.8","11.77M","-1.14%"
"12/07/2021","34,164.2","36,165.2","36,214.0","34,164.2","28.00M","-6.91%"
"09/07/2021","36,702.1","37,287.7","37,873.4","36,116.4","18.30M","-2.59%"
"08/07/2021","37,678.2","38,361.5","39,044.8","37,678.2","14.11M","-1.15%"
"07/07/2021","38,117.4","37,873.4","38,263.9","36,702.1","26.84M","3.92%"
"06/07/2021","36,679.3","39,704.4","40,233.8","36,679.3","33.56M","-6.91%"
"05/07/2021","39,401.9","39,855.6","40,082.5","38,948.1","25.30M","-1.14%"
"02/07/2021","39,855.6","39,855.6","40,233.8","39,628.7","21.36M","0.57%"
"01/07/2021","39,628.7","39,855.6","40,309.4","39,250.6","37.74M","-0.57%"
"30/06/2021","39,855.6","40,838.8","41,216.9","39,704.4","40.48M","-2.23%"
"29/06/2021","40,763.1","41,141.3","41,368.2","40,460.6","24.07M","-0.92%"
"28/06/2021","41,141.3","41,216.9","41,443.8","40,687.5","17.95M","1.12%"
"25/06/2021","40,687.5","40,233.8","40,687.5","39,628.7","18.45M","0.75%"
"24/06/2021","40,385.0","40,838.8","41,368.2","40,158.1","31.74M","1.33%"
"23/06/2021","39,855.6","39,477.5","40,460.6","39,250.6","21.82M","1.54%"
"22/06/2021","39,250.6","38,343.1","39,628.7","37,889.3","28.28M","3.18%"
"21/06/2021","38,040.6","38,343.1","38,948.1","37,813.7","14.54M","-1.76%"
"18/06/2021","38,721.2","38,872.5","39,704.4","38,570.0","17.06M","1.39%"
"17/06/2021","38,191.8","37,435.5","38,570.0","37,359.9","22.50M","0.00%"
"16/06/2021","38,191.8","39,023.7","39,023.7","38,191.8","27.60M","-3.07%"
"15/06/2021","39,401.9","39,704.4","40,082.5","39,175.0","20.90M","-0.76%"
"14/06/2021","39,704.4","40,309.4","40,838.8","39,326.2","18.21M","-0.76%"
"11/06/2021","40,006.9","37,813.7","40,006.9","37,511.2","23.18M","6.87%"
"10/06/2021","37,435.5","38,191.8","38,494.3","37,435.5","14.92M","-1.98%"
"09/06/2021","38,191.8","37,435.5","38,570.0","36,679.3","19.21M","3.06%"
"08/06/2021","37,057.4","39,023.7","39,704.4","37,057.4","20.78M","-5.77%"
"07/06/2021","39,326.2","40,611.9","40,687.5","38,570.0","22.97M","-3.70%"
"04/06/2021","40,838.8","40,611.9","41,519.4","40,536.3","16.75M","0.75%"
"03/06/2021","40,536.3","40,082.5","40,990.0","39,326.2","22.56M","3.08%"
"02/06/2021","39,326.2","39,175.0","40,006.9","39,023.7","19.15M","-1.14%"
"01/06/2021","39,780.0","40,460.6","40,763.1","39,704.4","13.84M","-0.94%"
"31/05/2021","40,158.1","38,721.2","40,158.1","38,570.0","22.80M","3.71%"
"28/05/2021","38,721.2","38,267.4","38,796.8","37,889.3","21.82M","1.99%"
"27/05/2021","37,964.9","39,023.7","39,099.3","37,813.7","25.45M","-2.52%"
"26/05/2021","38,948.1","38,721.2","39,175.0","38,418.7","17.89M","0.78%"
"25/05/2021","38,645.6","38,948.1","39,326.2","38,645.6","14.04M","-0.20%"
"24/05/2021","38,721.2","36,906.2","39,023.7","36,754.9","39.37M","6.11%"
"21/05/2021","36,490.2","36,981.8","37,284.3","36,452.4","20.46M","-1.33%"
"20/05/2021","36,981.8","36,792.7","36,981.8","36,338.9","18.14M","1.88%"
"19/05/2021","36,301.1","35,393.6","36,490.2","35,166.7","22.55M","3.11%"
"18/05/2021","35,204.5","35,280.2","35,507.0","34,939.8","22.79M","-0.43%"
"17/05/2021","35,355.8","35,582.7","35,998.6","35,091.1","21.97M","-0.53%"
"14/05/2021","35,544.9","35,544.9","35,885.2","35,280.2","22.02M","1.08%"
"13/05/2021","35,166.7","33,805.4","35,658.3","33,767.6","43.91M","3.33%"
"12/05/2021","34,032.3","33,200.4","34,032.3","33,162.6","25.30M","1.81%"
"11/05/2021","33,427.3","33,843.2","33,956.7","33,427.3","20.29M","-1.34%"
"10/05/2021","33,881.1","34,032.3","34,107.9","33,654.2","32.51M","2.28%"
"07/05/2021","33,124.8","32,179.4","33,200.4","31,990.4","33.03M","2.10%"
"06/05/2021","32,444.1","32,519.8","33,049.2","32,292.9","25.72M","-1.04%"
"05/05/2021","32,784.5","32,973.5","33,578.5","32,784.5","28.61M","0.81%"
"04/05/2021","32,519.8","30,288.8","32,519.8","30,288.8","32.80M","5.39%"
"29/04/2021","30,856.0","30,250.9","30,893.8","30,061.9","18.32M","2.64%"
"28/04/2021","30,061.9","29,948.4","30,591.3","29,910.6","10.31M","0.25%"
"27/04/2021","29,986.2","29,910.6","30,326.6","29,721.6","9.24M","-0.13%"
"26/04/2021","30,024.1","31,234.1","31,234.1","29,986.2","16.37M","-3.87%"
"23/04/2021","31,234.1","29,835.0","31,309.7","29,494.7","22.66M","5.49%"
"22/04/2021","29,608.1","31,574.4","31,725.7","29,608.1","27.66M","-6.79%"
"20/04/2021","31,763.5","32,255.1","32,633.2","31,385.4","30.00M","-1.18%"
"19/04/2021","32,141.6","31,914.7","32,141.6","31,234.1","20.69M","1.19%"
"16/04/2021","31,763.5","32,066.0","32,671.0","30,856.0","27.67M","-0.47%"
"15/04/2021","31,914.7","32,444.1","32,519.8","31,763.5","17.99M","-1.29%"
"14/04/2021","32,330.7","31,687.9","32,519.8","31,385.4","18.47M","1.66%"
"13/04/2021","31,801.3","32,897.9","32,897.9","31,763.5","19.52M","-2.66%"
"12/04/2021","32,671.0","32,217.3","32,746.6","32,103.8","17.43M","1.65%"
"09/04/2021","32,141.6","32,141.6","32,292.9","31,990.4","18.91M","-0.23%"
"08/04/2021","32,217.3","32,519.8","32,746.6","32,217.3","15.04M","-0.93%"
"07/04/2021","32,519.8","32,519.8","33,124.8","32,368.5","15.68M","0.00%"
"06/04/2021","32,519.8","31,725.7","32,935.7","31,461.0","29.07M","2.38%"
"05/04/2021","31,763.5","31,763.5","31,990.4","31,385.4","20.93M","1.69%"
"02/04/2021","31,234.1","31,385.4","31,423.2","31,007.2","15.74M","0.61%"
"01/04/2021","31,045.0","30,477.8","31,271.9","30,477.8","24.13M","2.24%"
"31/03/2021","30,364.4","30,553.5","30,893.8","30,250.9","15.28M","-0.62%"
"30/03/2021","30,553.5","30,477.8","30,856.0","30,137.5","14.39M","1.00%"
"29/03/2021","30,250.9","29,948.4","30,288.8","29,721.6","14.96M","2.43%"
"26/03/2021","29,532.5","29,721.6","30,099.7","28,587.1","20.98M","-0.89%"
"25/03/2021","29,797.2","29,872.8","30,364.4","29,419.0","18.94M","1.03%"
"24/03/2021","29,494.7","30,250.9","30,591.3","29,419.0","23.57M","-3.70%"
"23/03/2021","30,629.1","31,158.5","31,196.3","30,402.2","18.91M","-1.46%"
"22/03/2021","31,082.8","30,969.4","31,574.4","30,629.1","26.69M","1.61%"
"19/03/2021","30,591.3","30,515.6","30,931.6","30,477.8","10.70M","-0.12%"
"18/03/2021","30,629.1","31,158.5","31,347.5","30,402.2","20.71M","2.40%"
"17/03/2021","29,910.6","28,549.3","29,948.4","28,435.9","30.57M","4.91%"
"16/03/2021","28,511.5","28,851.8","28,889.7","28,473.7","9.11M","-0.79%"
"15/03/2021","28,738.4","28,738.4","28,889.7","28,549.3","8.73M","0.13%"
"12/03/2021","28,700.6","29,003.1","29,116.5","28,700.6","9.03M","-0.65%"
"11/03/2021","28,889.7","28,700.6","29,078.7","28,587.1","9.86M","1.73%"
"10/03/2021","28,398.1","28,171.2","28,587.1","28,019.9","9.64M","0.94%"
"09/03/2021","28,133.4","28,662.8","28,662.8","28,057.7","13.05M","-1.85%"
"08/03/2021","28,662.8","29,040.9","29,192.2","28,398.1","9.78M","-0.26%"
"05/03/2021","28,738.4","28,814.0","29,078.7","28,360.3","13.11M","-0.78%"
"04/03/2021","28,965.3","29,494.7","29,494.7","28,360.3","13.31M","-0.78%"
"03/03/2021","29,192.2","29,040.9","29,343.4","28,965.3","16.87M","1.58%"
"02/03/2021","28,738.4","29,116.5","29,192.2","28,738.4","9.45M","-0.26%"
"01/03/2021","28,814.0","28,587.1","28,889.7","28,435.9","18.01M","2.28%"
"26/02/2021","28,171.2","27,793.1","28,246.8","27,604.0","11.42M","-0.13%"
"25/02/2021","28,209.0","28,587.1","28,662.8","28,019.9","10.96M","-0.53%"
"24/02/2021","28,360.3","28,322.4","28,851.8","28,019.9","18.39M","1.21%"
"23/02/2021","28,019.9","28,057.7","28,435.9","27,982.1","10.77M","0.14%"
"22/02/2021","27,982.1","27,982.1","28,776.2","27,830.9","14.65M","0.00%"
"19/02/2021","27,982.1","27,452.7","28,360.3","27,301.5","15.69M","0.54%"
"18/02/2021","27,830.9","27,755.2","28,019.9","27,452.7","12.95M","0.00%"
"17/02/2021","27,830.9","27,528.4","27,830.9","27,112.4","12.77M","3.95%"
"09/02/2021","26,772.1","26,053.6","26,809.9","25,713.3","10.42M","3.96%"
"08/02/2021","25,751.1","27,225.8","27,301.5","25,637.7","16.58M","-4.89%"
"05/02/2021","27,074.6","26,431.8","27,074.6","26,280.5","10.97M","3.17%"
"04/02/2021","26,242.7","26,318.3","26,507.4","25,902.4","12.15M","-0.57%"
"03/02/2021","26,393.9","26,091.4","26,658.6","25,713.3","13.00M","2.95%"
"02/02/2021","25,637.7","24,049.5","25,713.3","23,973.9","10.03M","5.94%"
"01/02/2021","24,200.8","24,049.5","24,654.5","23,822.6","15.90M","4.92%"
"29/01/2021","23,066.3","21,780.7","24,503.3","21,780.7","19.13M","0.49%"
"28/01/2021","22,952.9","23,255.4","24,125.1","22,952.9","17.16M","-6.90%"
"27/01/2021","24,654.5","25,864.6","26,583.0","24,578.9","12.32M","-5.51%"
"26/01/2021","26,091.4","27,604.0","27,641.8","26,091.4","10.69M","-6.25%"
"25/01/2021","27,830.9","28,209.0","28,398.1","27,604.0","8.49M","-2.13%"
"22/01/2021","28,435.9","27,944.3","28,965.3","27,755.2","14.63M","1.62%"
"21/01/2021","27,982.1","27,301.5","27,982.1","26,847.7","9.77M","3.79%"
"20/01/2021","26,961.2","27,225.8","27,528.4","25,562.0","14.44M","-0.70%"
"19/01/2021","27,150.2","29,116.5","29,192.2","27,150.2","18.67M","-7.00%"
"18/01/2021","29,192.2","29,948.4","30,137.5","29,192.2","9.29M","-2.28%"
"15/01/2021","29,872.8","29,872.8","30,326.6","29,721.6","14.61M","0.89%"
"14/01/2021","29,608.1","29,494.7","29,759.4","29,116.5","10.68M","1.29%"
"13/01/2021","29,230.0","29,230.0","29,835.0","29,116.5","11.70M","0.39%"
"12/01/2021","29,116.5","29,267.8","29,419.0","28,814.0","11.82M","-0.52%"
"11/01/2021","29,267.8","29,419.0","29,948.4","29,192.2","14.08M","0.00%"
"08/01/2021","29,267.8","29,872.8","29,872.8","29,116.5","10.82M","-0.39%"
"07/01/2021","29,381.2","29,116.5","29,986.2","29,040.9","13.78M","2.64%"
"06/01/2021","28,625.0","27,225.8","28,625.0","26,999.0","19.90M","6.92%"
"05/01/2021","26,772.1","26,772.1","27,188.0","26,620.8","11.89M","-0.28%"
"04/01/2021","26,847.7","26,469.6","27,225.8","26,393.9","18.12M","2.75%"
"31/12/2020","26,129.3","26,053.6","26,280.5","25,978.0","5.83M","0.58%"
"30/12/2020","25,978.0","25,978.0","26,431.8","25,826.7","7.20M","0.59%"
"29/12/2020","25,826.7","25,940.2","26,129.3","25,788.9","6.47M","-0.44%"
"28/12/2020","25,940.2","26,469.6","26,620.8","25,864.6","8.23M","-1.15%"
"25/12/2020","26,242.7","25,788.9","26,242.7","25,183.9","10.33M","2.21%"
"24/12/2020","25,675.5","26,091.4","26,318.3","24,352.0","10.72M","-1.59%"
"23/12/2020","26,091.4","26,469.6","26,469.6","26,015.8","7.42M","-0.86%"
"22/12/2020","26,318.3","26,545.2","26,772.1","26,280.5","8.30M","-0.14%"
"21/12/2020","26,356.1","26,204.9","26,809.9","26,091.4","10.17M","0.72%"
"18/12/2020","26,167.1","25,940.2","26,167.1","25,788.9","7.31M","1.47%"
"17/12/2020","25,788.9","26,393.9","26,545.2","25,788.9","18.49M","-2.29%"
"16/12/2020","26,394.0","26,170.3","26,468.5","26,170.3","9.95M","1.14%"
"15/12/2020","26,095.7","26,394.0","26,394.0","25,834.8","14.18M","-1.13%"
"14/12/2020","26,394.0","26,319.4","26,543.1","26,021.2","14.00M","1.87%"
"11/12/2020","25,909.3","25,648.4","25,946.6","25,312.8","10.45M","2.21%"
"10/12/2020","25,350.1","25,722.9","26,021.2","25,350.1","13.15M","-1.45%"
"09/12/2020","25,722.9","25,722.9","26,021.2","25,685.6","10.52M","0.00%"
"08/12/2020","25,722.9","25,872.0","25,909.3","25,573.8","11.11M","-0.58%"
"07/12/2020","25,872.0","26,095.7","26,170.3","25,797.5","9.44M","0.00%"
"04/12/2020","25,872.0","25,350.1","26,021.2","25,275.6","24.47M","2.66%"
"03/12/2020","25,201.0","25,201.0","25,387.4","25,126.4","8.08M","0.15%"
"02/12/2020","25,163.7","25,275.6","25,499.2","25,051.9","11.17M","-0.44%"
"01/12/2020","25,275.6","24,604.5","25,350.1","24,530.0","12.54M","1.19%"
"30/11/2020","24,977.3","25,387.4","25,499.2","24,977.3","14.20M","-1.62%"
"27/11/2020","25,387.4","25,499.2","25,722.9","25,350.1","8.03M","0.00%"
"26/11/2020","25,387.4","24,604.5","25,536.5","24,567.3","15.00M","3.18%"
"25/11/2020","24,604.5","24,753.7","24,977.3","24,530.0","13.83M","0.76%"
"24/11/2020","24,418.1","24,716.4","24,716.4","24,231.7","11.42M","-0.46%"
"23/11/2020","24,530.0","24,753.7","24,753.7","24,306.3","9.21M","-0.90%"
"20/11/2020","24,753.7","24,865.5","24,940.1","24,567.3","9.34M","-0.30%"
"19/11/2020","24,828.2","24,418.1","24,828.2","24,269.0","17.55M","1.68%"
"18/11/2020","24,418.1","24,231.7","24,530.0","24,119.9","9.42M","0.77%"
"17/11/2020","24,231.7","24,008.1","24,343.6","23,858.9","11.24M","1.88%"
"16/11/2020","23,784.4","24,194.5","24,380.9","23,709.8","20.36M","-0.16%"
"13/11/2020","23,821.7","23,262.5","23,858.9","23,262.5","13.83M","3.06%"
"12/11/2020","23,113.4","22,815.1","23,299.7","22,815.1","7.24M","1.64%"
"11/11/2020","22,740.6","22,927.0","23,038.8","22,666.0","7.83M","-0.33%"
"10/11/2020","22,815.1","23,262.5","23,448.9","22,815.1","11.24M","-1.13%"
"09/11/2020","23,076.1","22,852.4","23,187.9","22,852.4","10.18M","2.31%"
"06/11/2020","22,554.2","22,591.4","22,852.4","22,516.9","6.95M","0.00%"
"05/11/2020","22,554.2","22,740.6","23,038.8","22,554.2","7.50M","-1.14%"
"04/11/2020","22,815.1","22,591.4","23,113.4","22,442.3","9.23M","1.32%"
"03/11/2020","22,516.9","22,852.4","22,889.7","22,442.3","6.40M","-0.66%"
"02/11/2020","22,666.0","21,845.8","22,666.0","21,771.3","6.71M","4.83%"
"30/10/2020","21,622.2","21,845.8","21,995.0","21,025.7","11.74M","-0.34%"
"29/10/2020","21,696.7","22,144.1","22,516.9","21,696.7","15.11M","-2.68%"
"28/10/2020","22,293.2","22,740.6","23,076.1","22,293.2","10.24M","-2.76%"
"27/10/2020","22,927.0","22,740.6","23,187.9","22,554.2","14.49M","0.82%"
"26/10/2020","22,740.6","23,784.4","23,784.4","22,740.6","11.49M","-4.09%"
"23/10/2020","23,709.8","24,008.1","24,045.3","23,560.7","8.57M","-0.62%"
"22/10/2020","23,858.9","23,113.4","23,858.9","22,964.2","11.25M","3.06%"
"21/10/2020","23,150.6","24,008.1","24,194.5","23,150.6","11.86M","-3.27%"
"20/10/2020","23,933.5","23,747.1","24,082.6","23,635.3","12.86M","-0.16%"
"19/10/2020","23,970.8","23,933.5","24,194.5","23,784.4","12.45M","3.21%"
"16/10/2020","23,225.2","22,740.6","23,448.9","22,516.9","16.72M","3.66%"
"15/10/2020","22,405.0","22,516.9","22,740.6","22,367.8","13.05M","0.17%"
"14/10/2020","22,367.8","22,889.7","23,001.5","22,367.8","10.76M","-1.80%"
"13/10/2020","22,777.8","21,622.2","23,113.4","21,435.8","14.09M","4.98%"
"12/10/2020","21,696.7","22,032.2","22,032.2","21,435.8","21.72M","5.24%"
"09/10/2020","20,615.6","20,280.1","20,727.5","20,280.1","13.05M","1.84%"
"08/10/2020","20,242.8","20,280.1","20,429.2","19,981.9","8.41M","0.56%"
"07/10/2020","20,131.0","20,205.5","20,690.2","20,131.0","10.79M","-0.74%"
"06/10/2020","20,280.1","20,578.3","20,615.6","20,280.1","7.63M","-1.09%"
"05/10/2020","20,503.8","20,503.8","20,615.6","20,317.4","7.67M","2.04%"
"02/10/2020","20,093.7","20,205.5","20,429.2","19,609.1","17.09M","1.32%"
"01/10/2020","19,832.7","20,019.1","20,131.0","19,795.5","6.96M","0.19%"
"30/09/2020","19,795.5","19,832.7","19,944.6","19,571.8","6.15M","-0.19%"
"29/09/2020","19,832.7","20,429.2","20,429.2","19,832.7","7.68M","-2.03%"
"28/09/2020","20,242.8","19,683.6","20,466.5","19,683.6","15.51M","3.63%"
"25/09/2020","19,534.5","19,460.0","19,534.5","19,161.7","5.98M","0.77%"
"24/09/2020","19,385.4","19,534.5","19,609.1","19,273.6","4.62M","-0.95%"
"23/09/2020","19,571.8","19,348.1","19,832.7","19,310.8","8.28M","1.74%"
"22/09/2020","19,236.3","19,087.2","19,273.6","19,012.6","5.47M","0.19%"
"21/09/2020","19,199.0","19,385.4","19,497.2","19,087.2","6.55M","-0.19%"
"18/09/2020","19,236.3","19,012.6","19,273.6","18,938.0","5.44M","1.98%"
"17/09/2020","18,863.5","18,863.5","19,124.4","18,826.2","5.16M","0.40%"
"16/09/2020","18,788.9","18,975.3","18,975.3","18,751.6","5.12M","-0.79%"
"15/09/2020","18,938.0","19,124.4","19,199.0","18,938.0","4.21M","-0.78%"
"14/09/2020","19,087.2","19,385.4","19,385.4","19,049.9","3.64M","0.00%"
"11/09/2020","19,087.2","18,751.6","19,161.7","18,751.6","4.48M","1.19%"
"10/09/2020","18,863.5","18,938.0","19,124.4","18,863.5","3.43M","0.00%"
"09/09/2020","18,863.5","18,714.4","19,012.6","18,677.1","5.00M","-0.98%"
"08/09/2020","19,049.9","18,826.2","19,049.9","18,490.7","7.11M","2.20%"
"07/09/2020","18,639.8","19,460.0","19,497.2","18,639.8","10.35M","-3.85%"
"04/09/2020","19,385.4","19,087.2","19,683.6","19,087.2","8.49M","0.19%"
"03/09/2020","19,348.1","19,646.3","19,832.7","19,273.6","10.77M","-0.76%"
"01/09/2020","19,497.2","19,161.7","19,497.2","19,087.2","6.16M","1.75%"
"31/08/2020","19,161.7","19,161.7","19,534.5","18,788.9","9.50M","2.39%"
"28/08/2020","18,714.4","18,565.2","18,938.0","18,490.7","12.38M","1.41%"
"27/08/2020","18,453.4","18,341.6","18,677.1","18,341.6","3.98M","0.20%"
"26/08/2020","18,416.1","18,267.0","18,714.4","18,229.7","8.77M","0.00%"
"25/08/2020","18,416.1","18,304.3","18,528.0","18,192.4","6.72M","1.23%"
"24/08/2020","18,192.4","18,416.1","18,490.7","18,192.4","5.69M","0.41%"
"21/08/2020","18,117.9","17,521.4","18,192.4","17,521.4","12.36M","4.29%"
"20/08/2020","17,372.3","17,446.9","17,558.7","17,335.0","5.43M","0.00%"
"19/08/2020","17,372.3","17,297.7","17,521.4","17,260.5","3.30M","0.43%"
"18/08/2020","17,297.7","17,521.4","17,558.7","17,223.2","3.46M","-1.28%"
"17/08/2020","17,521.4","17,335.0","17,558.7","17,260.5","3.74M","0.00%"
"14/08/2020","17,521.4","17,633.3","17,782.4","17,335.0","6.76M","-1.05%"
"13/08/2020","17,707.8","17,745.1","17,819.6","17,670.5","6.62M","1.50%"
"12/08/2020","17,446.9","17,372.3","17,745.1","17,297.7","5.63M","0.86%"
"11/08/2020","17,297.7","17,335.0","17,372.3","16,999.5","5.00M","1.75%"
"10/08/2020","16,999.5","17,223.2","17,446.9","16,999.5","5.25M","0.22%"
"07/08/2020","16,962.2","16,850.4","17,074.1","16,738.5","5.00M","1.56%"
"06/08/2020","16,701.3","16,887.7","16,999.5","16,664.0","3.69M","-1.10%"
"05/08/2020","16,887.7","16,477.6","16,924.9","16,403.0","5.91M","2.72%"
"04/08/2020","16,440.3","16,477.6","16,626.7","16,328.5","4.02M","1.38%"
"03/08/2020","16,216.6","15,806.5","16,253.9","15,769.3","3.48M","2.59%"
"31/07/2020","15,806.5","15,657.4","16,030.2","15,582.9","3.78M","-0.70%"
"30/07/2020","15,918.4","15,694.7","15,992.9","15,657.4","3.32M","2.40%"
"29/07/2020","15,545.6","15,806.5","15,881.1","15,210.1","6.08M","-3.92%"
"28/07/2020","16,179.3","15,769.3","16,253.9","15,657.4","5.52M","4.83%"
"27/07/2020","15,433.8","15,881.1","16,328.5","15,433.8","9.73M","-6.97%"
"24/07/2020","16,589.4","17,185.9","17,335.0","16,253.9","10.92M","-4.71%"
"23/07/2020","17,409.6","17,521.4","17,521.4","17,148.6","3.86M","0.00%"
"22/07/2020","17,409.6","17,856.9","17,856.9","17,409.6","3.48M","-2.10%"
"21/07/2020","17,782.4","17,819.6","17,856.9","17,484.1","3.54M","0.21%"
"20/07/2020","17,745.1","17,968.8","17,968.8","17,707.8","3.77M","-1.24%"
"17/07/2020","17,968.8","17,894.2","18,117.9","17,745.1","4.46M","0.00%"
"16/07/2020","17,968.8","17,894.2","17,968.8","17,670.5","4.88M","0.00%"
"15/07/2020","17,968.8","18,117.9","18,155.2","17,968.8","3.40M","0.21%"
"14/07/2020","17,931.5","17,856.9","18,117.9","17,745.1","5.18M","0.42%"
"13/07/2020","17,856.9","17,894.2","18,341.6","17,856.9","7.91M","0.63%"
"10/07/2020","17,745.1","17,894.2","18,006.0","17,558.7","6.00M","-1.24%"
"09/07/2020","17,968.8","17,670.5","18,043.3","17,558.7","7.81M","1.90%"
"08/07/2020","17,633.3","17,484.1","17,894.2","17,372.3","6.85M","0.85%"
"07/07/2020","17,484.1","17,372.3","17,670.5","17,297.7","8.59M","1.74%"
"06/07/2020","17,185.9","16,850.4","17,372.3","16,738.5","6.26M","3.36%"
"03/07/2020","16,626.7","16,664.0","16,738.5","16,626.7","2.77M","0.00%"
"02/07/2020","16,626.7","16,701.3","16,775.8","16,477.6","2.25M","0.00%"
"01/07/2020","16,626.7","16,142.1","16,626.7","16,067.5","2.72M","3.48%"
"30/06/2020","16,067.5","16,589.4","16,701.3","15,955.7","3.63M","-1.60%"
"29/06/2020","16,328.5","16,701.3","16,813.1","16,142.1","5.94M","-2.88%"
"26/06/2020","16,813.1","17,148.6","17,185.9","16,701.3","3.02M","-0.66%"
"25/06/2020","16,924.9","16,775.8","17,036.8","16,701.3","3.29M","-0.44%"
"24/06/2020","16,999.5","17,446.9","17,558.7","16,924.9","3.94M","-1.94%"
"23/06/2020","17,335.0","17,446.9","17,558.7","17,185.9","3.74M","-0.85%"
"22/06/2020","17,484.1","17,372.3","17,670.5","17,335.0","3.86M","0.43%"
"19/06/2020","17,409.6","17,260.5","17,446.9","17,111.3","3.70M","1.96%"
"18/06/2020","17,074.1","16,924.9","17,297.7","16,924.9","2.52M","-0.43%"
"17/06/2020","17,148.6","17,148.6","17,335.0","17,074.1","3.19M","-1.08%"
"16/06/2020","17,335.0","17,148.6","17,335.0","16,924.9","5.21M","4.26%"
"15/06/2020","16,626.7","17,297.7","17,521.4","16,477.6","10.23M","-4.29%"
"12/06/2020","17,372.3","16,477.6","17,372.3","16,477.6","9.16M","-0.90%"
"11/06/2020","17,530.0","18,867.0","18,943.0","17,530.0","11.95M","-6.89%"
"10/06/2020","18,828.0","18,485.0","19,096.0","18,408.0","10.65M","1.86%"
"09/06/2020","18,485.0","19,096.0","19,096.0","18,485.0","8.65M","-2.81%"
"08/06/2020","19,019.0","18,981.0","19,249.0","18,790.0","9.11M","1.84%"
"05/06/2020","18,676.0","18,714.0","18,867.0","18,485.0","7.00M","-0.81%"
"04/06/2020","18,828.0","18,485.0","19,019.0","18,408.0","11.55M","2.71%"
"03/06/2020","18,332.0","18,026.0","18,370.0","17,988.0","8.91M","2.34%"
"02/06/2020","17,912.0","18,179.0","18,561.0","17,874.0","12.38M","-0.21%"
"01/06/2020","17,950.0","17,415.0","17,950.0","17,339.0","9.19M","4.45%"
"29/05/2020","17,186.0","17,148.0","17,339.0","17,148.0","4.60M","-0.22%"
"28/05/2020","17,224.0","17,224.0","17,530.0","17,072.0","7.66M","0.67%"
"27/05/2020","17,110.0","17,797.0","17,912.0","17,110.0","10.87M","-3.24%"
"26/05/2020","17,683.0","17,606.0","17,797.0","17,454.0","8.11M","0.44%"
"25/05/2020","17,606.0","17,492.0","17,836.0","17,339.0","8.69M","1.10%"
"22/05/2020","17,415.0","17,415.0","18,026.0","17,301.0","9.86M","-0.66%"
"21/05/2020","17,530.0","17,072.0","17,759.0","17,033.0","13.70M","2.92%"
"20/05/2020","17,033.0","16,804.0","17,033.0","16,728.0","6.90M","0.00%"
"19/05/2020","17,033.0","16,804.0","17,148.0","16,652.0","14.23M","4.45%"
"18/05/2020","16,308.0","16,002.0","16,308.0","15,811.0","6.72M","2.15%"
"15/05/2020","15,964.0","16,461.0","16,499.0","15,926.0","9.43M","-2.11%"
"14/05/2020","16,308.0","16,346.0","16,613.0","16,308.0","7.52M","-1.38%"
"13/05/2020","16,537.0","16,346.0","16,766.0","16,155.0","8.98M","0.00%"
"12/05/2020","16,537.0","16,155.0","16,652.0","15,926.0","8.49M","1.89%"
"11/05/2020","16,231.0","16,384.0","16,461.0","15,964.0","9.88M","1.67%"
"08/05/2020","15,964.0","15,811.0","16,537.0","15,735.0","16.35M","2.45%"
"07/05/2020","15,582.0","15,429.0","15,773.0","15,353.0","9.71M","0.99%"
"06/05/2020","15,429.0","15,238.0","15,506.0","14,933.0","8.89M","1.76%"
"05/05/2020","15,162.0","15,315.0","15,391.0","15,009.0","3.84M","-1.00%"
"04/05/2020","15,315.0","15,086.0","15,620.0","14,933.0","9.71M","0.25%"
"29/04/2020","15,277.0","14,742.0","15,277.0","14,589.0","12.05M","4.99%"
"28/04/2020","14,551.0","14,398.0","14,742.0","14,284.0","5.09M","1.06%"
"27/04/2020","14,398.0","14,818.0","14,818.0","14,398.0","5.56M","-1.83%"
"24/04/2020","14,666.0","14,666.0","14,742.0","14,513.0","3.71M","0.00%"
"23/04/2020","14,666.0","14,895.0","15,048.0","14,666.0","3.81M","-0.26%"
"22/04/2020","14,704.0","14,055.0","15,048.0","14,055.0","8.21M","2.40%"
"21/04/2020","14,360.0","15,009.0","15,086.0","14,322.0","12.00M","-5.29%"
"20/04/2020","15,162.0","15,506.0","15,620.0","15,162.0","8.12M","-1.24%"
"17/04/2020","15,353.0","15,659.0","15,659.0","15,277.0","11.07M","1.51%"
"16/04/2020","15,124.0","14,971.0","15,200.0","14,818.0","4.79M","-0.25%"
"15/04/2020","15,162.0","14,666.0","15,238.0","14,666.0","8.72M","3.38%"
"14/04/2020","14,666.0","14,933.0","15,086.0","14,360.0","9.54M","-2.04%"
"13/04/2020","14,971.0","14,818.0","15,277.0","14,704.0","5.40M","0.77%"
"10/04/2020","14,857.0","15,124.0","15,353.0","14,742.0","7.36M","-1.77%"
"09/04/2020","15,124.0","15,277.0","15,544.0","15,124.0","9.38M","0.51%"
"08/04/2020","15,048.0","14,742.0","15,277.0","14,589.0","5.99M","-0.75%"
"07/04/2020","15,162.0","15,429.0","15,468.0","14,971.0","9.37M","-1.24%"
"06/04/2020","15,353.0","14,742.0","15,353.0","14,513.0","13.63M","6.92%"
"03/04/2020","14,360.0","14,207.0","14,513.0","14,131.0","5.97M","2.73%"
"01/04/2020","13,978.0","12,985.0","14,016.0","12,985.0","7.12M","6.39%"
"31/03/2020","13,138.0","13,749.0","14,131.0","12,680.0","7.88M","-2.83%"
"30/03/2020","13,520.0","13,634.0","13,749.0","13,520.0","9.46M","-6.84%"
"27/03/2020","14,513.0","14,551.0","14,589.0","14,284.0","8.08M","1.07%"
"26/03/2020","14,360.0","14,551.0","14,971.0","14,360.0","6.61M","-3.84%"
"25/03/2020","14,933.0","14,513.0","14,933.0","14,360.0","9.09M","6.83%"
"24/03/2020","13,978.0","14,093.0","14,284.0","13,482.0","8.21M","-0.82%"
"23/03/2020","14,093.0","14,360.0","14,513.0","14,093.0","8.32M","-6.82%"
"20/03/2020","15,124.0","15,582.0","15,659.0","15,009.0","8.30M","-1.49%"
"19/03/2020","15,353.0","15,659.0","15,735.0","15,162.0","6.10M","-4.06%"
"18/03/2020","16,002.0","16,270.0","16,461.0","16,002.0","8.29M","-0.24%"
"17/03/2020","16,040.0","15,277.0","16,193.0","14,818.0","10.26M","2.43%"
"16/03/2020","15,659.0","16,766.0","16,843.0","15,659.0","9.69M","-6.60%"
"13/03/2020","16,766.0","15,659.0","17,110.0","15,506.0","13.60M","0.68%"
"12/03/2020","16,652.0","16,804.0","17,110.0","16,499.0","14.60M","-6.03%"
"11/03/2020","17,721.0","18,943.0","19,096.0","17,454.0","11.00M","-5.31%"
"10/03/2020","18,714.0","18,332.0","19,134.0","17,683.0","14.29M","2.08%"
"09/03/2020","18,332.0","18,408.0","18,867.0","18,332.0","13.91M","-6.98%"
"06/03/2020","19,707.0","19,707.0","19,898.0","19,440.0","6.91M","-1.34%"
"05/03/2020","19,974.0","20,471.0","20,509.0","19,974.0","7.74M","-1.13%"
"04/03/2020","20,203.0","20,089.0","20,203.0","19,860.0","5.92M","0.00%"
"03/03/2020","20,203.0","20,012.0","20,585.0","19,821.0","12.28M","3.72%"
"02/03/2020","19,478.0","19,821.0","19,898.0","19,401.0","6.29M","-0.97%"
"28/02/2020","19,669.0","19,478.0","19,898.0","19,096.0","10.19M","-1.71%"
"27/02/2020","20,012.0","19,669.0","20,012.0","19,554.0","7.13M","1.55%"
"26/02/2020","19,707.0","19,516.0","20,012.0","19,401.0","8.04M","-1.15%"
"25/02/2020","19,936.0","18,638.0","19,936.0","18,599.0","12.60M","6.96%"
"24/02/2020","18,638.0","19,172.0","19,401.0","18,599.0","15.90M","-5.61%"
"21/02/2020","19,745.0","20,471.0","20,547.0","19,592.0","15.55M","-3.90%"
"20/02/2020","20,547.0","20,891.0","21,158.0","20,356.0","11.63M","-0.37%"
"19/02/2020","20,623.0","20,471.0","20,776.0","20,471.0","7.61M","1.12%"
"18/02/2020","20,394.0","20,394.0","20,814.0","20,318.0","9.33M","0.56%"
"17/02/2020","20,280.0","20,547.0","20,662.0","20,165.0","7.51M","-0.93%"
"14/02/2020","20,471.0","20,891.0","20,891.0","20,394.0","7.88M","-1.65%"
"13/02/2020","20,814.0","20,891.0","21,082.0","20,242.0","12.24M","0.18%"
"12/02/2020","20,776.0","21,731.0","21,731.0","20,776.0","13.41M","-1.98%"
"11/02/2020","21,196.0","20,547.0","21,196.0","20,509.0","8.73M","4.32%"
"10/02/2020","20,318.0","20,051.0","20,853.0","20,012.0","8.12M","-1.11%"
"07/02/2020","20,547.0","21,005.0","21,120.0","20,356.0","11.57M","-3.06%"
"06/02/2020","21,196.0","20,394.0","21,464.0","20,127.0","13.64M","4.52%"
"05/02/2020","20,280.0","20,929.0","21,235.0","20,280.0","15.14M","-1.30%"
"04/02/2020","20,547.0","19,401.0","20,547.0","19,363.0","19.17M","6.96%"
"03/02/2020","19,210.0","17,950.0","19,249.0","17,759.0","17.90M","3.07%"
"31/01/2020","18,638.0","18,790.0","19,287.0","18,638.0","15.25M","0.21%"
"30/01/2020","18,599.0","19,019.0","19,363.0","18,332.0","14.61M","-4.88%"
"22/01/2020","19,554.0","19,325.0","19,669.0","19,134.0","6.13M","1.18%"
"21/01/2020","19,325.0","19,249.0","19,707.0","19,172.0","7.83M","0.80%"
"20/01/2020","19,172.0","19,019.0","19,325.0","18,905.0","6.11M","0.60%"
"17/01/2020","19,058.0","19,249.0","19,401.0","18,790.0","8.28M","0.21%"
"16/01/2020","19,019.0","18,103.0","19,058.0","18,065.0","10.33M","5.51%"
"15/01/2020","18,026.0","17,950.0","18,103.0","17,759.0","5.63M","0.42%"
"14/01/2020","17,950.0","17,759.0","18,179.0","17,721.0","9.09M","1.29%"
"13/01/2020","17,721.0","17,797.0","18,332.0","17,721.0","6.86M","-1.48%"
"10/01/2020","17,988.0","17,186.0","18,332.0","17,186.0","18.98M","4.90%"
"09/01/2020","17,148.0","16,690.0","17,263.0","16,690.0","11.09M","3.69%"
"08/01/2020","16,537.0","16,461.0","16,919.0","16,270.0","12.73M","-0.23%"
"07/01/2020","16,575.0","16,499.0","16,690.0","16,384.0","5.37M","1.64%"
"06/01/2020","16,308.0","16,193.0","16,575.0","16,117.0","4.10M","0.23%"
"03/01/2020","16,270.0","16,613.0","16,690.0","16,231.0","4.68M","-0.93%"
"02/01/2020","16,422.0","15,964.0","16,613.0","15,926.0","5.61M","2.87%"
"31/12/2019","15,964.0","16,155.0","16,193.0","15,926.0","2.25M","-0.72%"
"30/12/2019","16,079.0","15,811.0","16,117.0","15,773.0","5.97M","1.94%"
"27/12/2019","15,773.0","15,773.0","15,773.0","15,544.0","2.05M","0.24%"
"26/12/2019","15,735.0","15,735.0","15,811.0","15,620.0","2.68M","0.00%"
"25/12/2019","15,735.0","15,659.0","15,888.0","15,659.0","1.78M","0.00%"
"24/12/2019","15,735.0","15,773.0","15,773.0","15,582.0","1.62M","0.24%"
"23/12/2019","15,697.0","15,582.0","15,888.0","15,582.0","4.27M","0.98%"
"20/12/2019","15,544.0","15,391.0","15,620.0","15,353.0","1.38M","0.99%"
"19/12/2019","15,391.0","15,429.0","15,506.0","15,277.0","1.73M","0.00%"
"18/12/2019","15,391.0","15,429.0","15,582.0","15,391.0","2.25M","-0.50%"
"17/12/2019","15,468.0","15,544.0","15,697.0","15,468.0","2.18M","-0.25%"
"16/12/2019","15,506.0","15,735.0","15,735.0","15,506.0","1.86M","-1.46%"
"13/12/2019","15,735.0","15,468.0","15,811.0","15,468.0","5.11M","2.24%"
"12/12/2019","15,391.0","15,200.0","15,468.0","15,200.0","2.46M","1.51%"
"11/12/2019","15,162.0","15,315.0","15,391.0","15,048.0","3.32M","-1.00%"
"10/12/2019","15,315.0","15,429.0","15,429.0","15,238.0","2.96M","-0.49%"
"09/12/2019","15,391.0","15,429.0","15,544.0","15,391.0","2.84M","-0.74%"
"06/12/2019","15,506.0","15,315.0","15,544.0","15,315.0","2.38M","1.00%"
"05/12/2019","15,353.0","15,659.0","15,659.0","15,353.0","1.79M","-1.71%"
"04/12/2019","15,620.0","15,048.0","15,659.0","14,933.0","4.81M","4.34%"
"03/12/2019","14,971.0","14,895.0","15,277.0","14,895.0","4.84M","-1.01%"
"02/12/2019","15,124.0","15,582.0","15,620.0","15,124.0","5.08M","-3.18%"
"29/11/2019","15,620.0","15,659.0","15,697.0","15,468.0","4.08M","0.00%"
"28/11/2019","15,620.0","16,079.0","16,079.0","15,620.0","4.70M","-2.85%"
"27/11/2019","16,079.0","16,193.0","16,270.0","16,079.0","2.16M","-0.70%"
"26/11/2019","16,193.0","16,231.0","16,231.0","16,079.0","2.74M","0.24%"
"25/11/2019","16,155.0","16,193.0","16,193.0","15,964.0","2.88M","0.24%"
"22/11/2019","16,117.0","16,346.0","16,384.0","15,888.0","5.24M","-0.94%"
"21/11/2019","16,270.0","16,270.0","16,422.0","16,155.0","6.13M","0.00%"
"20/11/2019","16,270.0","16,422.0","16,461.0","16,270.0","3.76M","-0.93%"
"19/11/2019","16,422.0","16,384.0","16,499.0","16,346.0","4.78M","0.46%"
"18/11/2019","16,346.0","16,537.0","16,537.0","16,346.0","7.53M","-1.38%"
"15/11/2019","16,575.0","16,499.0","16,728.0","16,422.0","3.25M","0.46%"
"14/11/2019","16,499.0","16,652.0","16,652.0","16,499.0","2.94M","-1.14%"
"13/11/2019","16,690.0","16,843.0","17,148.0","16,499.0","11.36M","-0.68%"
"12/11/2019","16,804.0","16,766.0","16,919.0","16,728.0","3.54M","0.23%"
"11/11/2019","16,766.0","17,072.0","17,224.0","16,766.0","5.00M","-1.57%"
"08/11/2019","17,033.0","17,110.0","17,186.0","16,995.0","2.81M","0.22%"
"07/11/2019","16,995.0","17,033.0","17,110.0","16,919.0","3.82M","-0.22%"
"06/11/2019","17,033.0","17,110.0","17,263.0","17,033.0","4.20M","-0.45%"
"05/11/2019","17,110.0","17,186.0","17,224.0","17,110.0","3.43M","-0.22%"
"04/11/2019","17,148.0","17,110.0","17,377.0","17,072.0","7.55M","0.68%"
"01/11/2019","17,033.0","16,728.0","17,033.0","16,690.0","5.49M","1.36%"
"31/10/2019","16,804.0","17,033.0","17,110.0","16,804.0","3.08M","-0.68%"
"30/10/2019","16,919.0","16,804.0","17,072.0","16,804.0","3.91M","0.45%"
"29/10/2019","16,843.0","16,881.0","17,148.0","16,804.0","4.21M","0.23%"
"28/10/2019","16,804.0","16,881.0","17,072.0","16,804.0","3.90M","0.00%"
"25/10/2019","16,804.0","16,422.0","16,804.0","16,346.0","5.63M","2.33%"
"24/10/2019","16,422.0","16,422.0","16,499.0","16,346.0","2.04M","0.23%"
"23/10/2019","16,384.0","16,499.0","16,652.0","16,308.0","2.50M","-0.70%"
"22/10/2019","16,499.0","16,231.0","16,499.0","16,231.0","2.49M","1.65%"
"21/10/2019","16,231.0","16,422.0","16,499.0","16,231.0","4.53M","-1.62%"
"18/10/2019","16,499.0","16,728.0","16,766.0","16,422.0","3.79M","-1.37%"
"17/10/2019","16,728.0","16,690.0","16,804.0","16,652.0","4.29M","0.00%"
"16/10/2019","16,728.0","16,690.0","16,881.0","16,652.0","5.32M","0.92%"
"15/10/2019","16,575.0","16,575.0","16,652.0","16,499.0","3.21M","0.00%"
"14/10/2019","16,575.0","16,384.0","16,766.0","16,308.0","9.16M","2.60%"
"11/10/2019","16,155.0","16,155.0","16,308.0","16,155.0","2.02M","0.00%"
"10/10/2019","16,155.0","16,270.0","16,346.0","16,155.0","2.95M","-0.71%"
"09/10/2019","16,270.0","15,888.0","16,384.0","15,888.0","7.91M","2.65%"
"08/10/2019","15,850.0","15,735.0","15,888.0","15,659.0","1.48M","0.97%"
"07/10/2019","15,697.0","15,773.0","15,850.0","15,697.0","2.44M","-0.24%"
"04/10/2019","15,735.0","16,079.0","16,079.0","15,735.0","2.82M","-1.90%"
"03/10/2019","16,040.0","15,926.0","16,040.0","15,850.0","2.62M","0.00%"
"02/10/2019","16,040.0","16,231.0","16,346.0","16,002.0","2.98M","-1.41%"
"01/10/2019","16,270.0","16,270.0","16,270.0","16,079.0","3.23M","0.71%"
"30/09/2019","16,155.0","16,231.0","16,384.0","16,117.0","4.57M","0.00%"
"27/09/2019","16,155.0","16,155.0","16,270.0","16,155.0","3.10M","0.00%"
"26/09/2019","16,155.0","15,964.0","16,155.0","15,964.0","2.98M","1.68%"
"25/09/2019","15,888.0","15,811.0","15,964.0","15,773.0","2.16M","0.24%"
"24/09/2019","15,850.0","16,040.0","16,117.0","15,850.0","4.51M","-1.18%"
"23/09/2019","16,040.0","16,117.0","16,231.0","16,040.0","3.04M","-0.48%"
"20/09/2019","16,117.0","16,231.0","16,270.0","16,079.0","2.36M","-0.70%"
"19/09/2019","16,231.0","15,926.0","16,270.0","15,926.0","6.06M","2.16%"
"18/09/2019","15,888.0","15,811.0","16,117.0","15,773.0","6.37M","0.24%"
"17/09/2019","15,850.0","15,773.0","15,888.0","15,735.0","1.82M","0.00%"
"16/09/2019","15,850.0","15,811.0","16,155.0","15,811.0","4.31M","-0.48%"
"13/09/2019","15,926.0","15,391.0","15,964.0","15,315.0","8.22M","3.48%"
"12/09/2019","15,391.0","15,162.0","15,429.0","15,124.0","1.39M","1.77%"
"11/09/2019","15,124.0","15,124.0","15,162.0","15,048.0","1.43M","0.25%"
"10/09/2019","15,086.0","15,277.0","15,315.0","15,048.0","2.80M","-1.00%"
"09/09/2019","15,238.0","15,200.0","15,315.0","15,200.0","1.44M","0.25%"
"06/09/2019","15,200.0","15,238.0","15,391.0","15,200.0","1.58M","-0.25%"
"05/09/2019","15,238.0","15,391.0","15,429.0","15,238.0","1.71M","-0.26%"
"04/09/2019","15,277.0","15,277.0","15,391.0","15,162.0","2.17M","0.26%"
"03/09/2019","15,238.0","15,429.0","15,506.0","15,238.0","2.12M","-1.24%"
"30/08/2019","15,429.0","15,429.0","15,544.0","15,429.0","1.86M","0.00%"
"29/08/2019","15,429.0","15,506.0","15,506.0","15,353.0","1.25M","-0.25%"
"28/08/2019","15,468.0","15,506.0","15,544.0","15,429.0","1.18M","-0.25%"
"27/08/2019","15,506.0","15,620.0","15,659.0","15,429.0","2.52M","0.00%"
"26/08/2019","15,506.0","15,468.0","15,582.0","15,391.0","4.44M","-0.98%"
"23/08/2019","15,659.0","15,735.0","15,811.0","15,659.0","2.42M","-0.48%"
"22/08/2019","15,735.0","16,002.0","16,002.0","15,735.0","2.55M","-0.73%"
"21/08/2019","15,850.0","15,735.0","16,002.0","15,659.0","5.94M","0.73%"
"20/08/2019","15,735.0","15,659.0","15,773.0","15,620.0","2.82M","0.49%"
"19/08/2019","15,659.0","15,735.0","15,888.0","15,659.0","1.62M","0.00%"
"16/08/2019","15,659.0","15,697.0","15,888.0","15,506.0","4.20M","0.49%"
"15/08/2019","15,582.0","15,353.0","15,582.0","15,353.0","2.97M","-0.49%"
"14/08/2019","15,659.0","15,888.0","15,926.0","15,659.0","3.50M","-0.48%"
"13/08/2019","15,735.0","15,429.0","15,735.0","15,391.0","2.98M","1.23%"
"12/08/2019","15,544.0","15,659.0","15,697.0","15,468.0","2.96M","-0.73%"
"09/08/2019","15,659.0","15,620.0","15,811.0","15,544.0","2.80M","0.25%"
"08/08/2019","15,620.0","15,506.0","15,620.0","15,353.0","2.91M","1.24%"
"07/08/2019","15,429.0","15,429.0","15,582.0","15,315.0","1.84M","0.00%"
"06/08/2019","15,429.0","15,238.0","15,506.0","15,238.0","4.58M","-0.74%"
"05/08/2019","15,544.0","15,620.0","15,620.0","15,468.0","3.63M","0.00%"
"02/08/2019","15,544.0","15,429.0","15,811.0","15,391.0","4.28M","-0.24%"
"01/08/2019","15,582.0","15,888.0","15,888.0","15,506.0","3.62M","-1.69%"
"31/07/2019","15,850.0","15,811.0","15,926.0","15,773.0","2.84M","0.25%"
"30/07/2019","15,811.0","16,117.0","16,155.0","15,811.0","3.29M","-0.96%"
"29/07/2019","15,964.0","16,193.0","16,231.0","15,888.0","3.35M","-1.41%"
"26/07/2019","16,193.0","16,308.0","16,346.0","16,193.0","2.62M","-0.23%"
"25/07/2019","16,231.0","16,231.0","16,384.0","16,193.0","3.56M","0.00%"
"24/07/2019","16,231.0","16,613.0","16,652.0","16,231.0","4.96M","-1.85%"
"23/07/2019","16,537.0","16,499.0","16,613.0","16,461.0","3.77M","0.23%"
"22/07/2019","16,499.0","16,690.0","16,843.0","16,461.0","4.25M","-1.14%"
"19/07/2019","16,690.0","16,766.0","16,919.0","16,652.0","8.69M","0.93%"
"18/07/2019","16,537.0","16,575.0","16,728.0","16,537.0","3.64M","-1.14%"
"17/07/2019","16,728.0","16,652.0","16,804.0","16,537.0","5.69M","0.92%"
"16/07/2019","16,575.0","16,422.0","16,613.0","16,422.0","6.71M","0.93%"
"15/07/2019","16,422.0","16,384.0","16,499.0","16,308.0","2.58M","0.23%"
"12/07/2019","16,384.0","16,499.0","16,613.0","16,308.0","4.41M","-0.47%"
"11/07/2019","16,461.0","16,117.0","16,537.0","16,117.0","7.00M","2.62%"
"10/07/2019","16,040.0","16,040.0","16,270.0","16,040.0","3.44M","0.24%"
"09/07/2019","16,002.0","15,964.0","16,117.0","15,926.0","3.15M","0.24%"
"08/07/2019","15,964.0","16,155.0","16,155.0","15,850.0","4.19M","-1.18%"
"05/07/2019","16,155.0","16,155.0","16,384.0","16,040.0","4.11M","0.00%"
"04/07/2019","16,155.0","16,155.0","16,231.0","16,002.0","3.13M","0.47%"
"03/07/2019","16,079.0","15,811.0","16,155.0","15,773.0","5.25M","1.20%"
"02/07/2019","15,888.0","16,040.0","16,155.0","15,850.0","3.33M","-0.24%"
"01/07/2019","15,926.0","15,620.0","15,926.0","15,506.0","4.69M","6.92%"
"28/06/2019","14,895.0","15,811.0","15,850.0","14,895.0","5.35M","-5.57%"
"27/06/2019","15,773.0","15,926.0","15,964.0","15,735.0","5.47M","-1.20%"
"26/06/2019","15,964.0","16,002.0","16,308.0","15,964.0","4.01M","-0.72%"
"25/06/2019","16,079.0","16,155.0","16,346.0","16,079.0","4.68M","-1.63%"
"24/06/2019","16,346.0","16,308.0","16,422.0","16,155.0","4.98M","0.00%"
"21/06/2019","16,346.0","16,193.0","16,346.0","16,002.0","6.02M","1.91%"
"20/06/2019","16,040.0","15,468.0","16,040.0","15,429.0","6.96M","3.70%"
"19/06/2019","15,468.0","15,582.0","15,659.0","15,468.0","1.84M","0.00%"
"18/06/2019","15,468.0","15,659.0","15,735.0","15,468.0","2.30M","-0.97%"
"17/06/2019","15,620.0","15,582.0","15,735.0","15,544.0","3.14M","0.74%"
"14/06/2019","15,506.0","15,468.0","15,735.0","15,391.0","3.61M","0.75%"
"13/06/2019","15,391.0","15,429.0","15,544.0","15,391.0","1.72M","-0.50%"
"12/06/2019","15,468.0","15,620.0","15,659.0","15,468.0","1.57M","-1.22%"
"11/06/2019","15,659.0","15,659.0","15,697.0","15,620.0","1.48M","-23.61%"
"10/06/2019","20,500.0","20,700.0","20,750.0","20,450.0","2.48M","0.24%"
"07/06/2019","20,450.0","20,400.0","20,450.0","20,300.0","1.39M","0.74%"
"06/06/2019","20,300.0","20,100.0","20,350.0","19,950.0","1.98M","1.00%"
"05/06/2019","20,100.0","20,300.0","20,550.0","20,100.0","1.92M","0.50%"
"04/06/2019","20,000.0","20,000.0","20,200.0","19,900.0","2.03M","0.50%"
"03/06/2019","19,900.0","20,100.0","20,350.0","19,900.0","3.08M","-1.97%"
"31/05/2019","20,300.0","20,750.0","20,750.0","20,300.0","2.02M","-1.69%"
"30/05/2019","20,650.0","20,600.0","20,850.0","20,500.0","1.57M","0.00%"
"29/05/2019","20,650.0","20,900.0","20,950.0","20,650.0","2.33M","-1.67%"
"28/05/2019","21,000.0","21,200.0","21,200.0","20,900.0","2.02M","-0.94%"
"27/05/2019","21,200.0","21,150.0","21,250.0","21,000.0","1.71M","0.00%"
"24/05/2019","21,200.0","21,350.0","21,500.0","21,200.0","2.20M","-1.40%"
"23/05/2019","21,500.0","21,500.0","21,600.0","21,300.0","1.88M","-0.23%"
"22/05/2019","21,550.0","21,300.0","21,700.0","21,250.0","5.00M","1.41%"
"21/05/2019","21,250.0","21,350.0","21,500.0","21,200.0","2.30M","-0.47%"
"20/05/2019","21,350.0","21,200.0","21,500.0","21,100.0","2.85M","0.71%"
"17/05/2019","21,200.0","21,100.0","21,350.0","21,000.0","2.58M","0.47%"
"16/05/2019","21,100.0","21,150.0","21,350.0","21,000.0","2.45M","-0.24%"
"15/05/2019","21,150.0","20,650.0","21,150.0","20,650.0","3.68M","2.92%"
"14/05/2019","20,550.0","20,250.0","20,650.0","20,250.0","2.10M","0.49%"
"13/05/2019","20,450.0","20,400.0","20,850.0","20,300.0","1.93M","0.74%"
"10/05/2019","20,300.0","20,200.0","20,500.0","20,150.0","1.70M","1.00%"
"09/05/2019","20,100.0","20,400.0","20,600.0","20,050.0","2.00M","-1.71%"
"08/05/2019","20,450.0","20,150.0","20,450.0","20,100.0","1.79M","0.25%"
"07/05/2019","20,400.0","20,500.0","20,800.0","20,250.0","1.49M","-0.24%"
"06/05/2019","20,450.0","20,600.0","20,700.0","20,350.0","2.47M","-2.15%"
"03/05/2019","20,900.0","20,900.0","21,150.0","20,850.0","1.72M","-0.48%"
"02/05/2019","21,000.0","21,300.0","21,300.0","20,900.0","1.92M","-1.18%"
"26/04/2019","21,250.0","21,050.0","21,300.0","21,000.0","1.45M","0.95%"
"25/04/2019","21,050.0","21,300.0","21,400.0","21,050.0","1.30M","-1.64%"
"24/04/2019","21,400.0","21,100.0","21,550.0","21,000.0","2.45M","2.64%"
"23/04/2019","20,850.0","20,700.0","21,200.0","20,500.0","2.45M","1.71%"
"22/04/2019","20,500.0","20,800.0","21,000.0","20,450.0","2.31M","-1.44%"
"19/04/2019","20,800.0","21,150.0","21,250.0","20,800.0","2.01M","-0.95%"
"18/04/2019","21,000.0","21,350.0","21,500.0","20,900.0","3.81M","-2.10%"
"17/04/2019","21,450.0","21,650.0","21,850.0","21,450.0","2.16M","-0.46%"
"16/04/2019","21,550.0","21,600.0","21,700.0","21,300.0","3.15M","-1.37%"
"12/04/2019","21,850.0","21,900.0","22,050.0","21,850.0","1.54M","-0.46%"
"11/04/2019","21,950.0","21,900.0","22,250.0","21,850.0","2.06M","0.23%"
"10/04/2019","21,900.0","21,900.0","22,150.0","21,850.0","2.24M","-1.13%"
"09/04/2019","22,150.0","22,400.0","22,600.0","22,150.0","3.89M","-0.67%"
"08/04/2019","22,300.0","21,900.0","22,300.0","21,850.0","2.62M","1.83%"
"05/04/2019","21,900.0","22,100.0","22,250.0","21,900.0","2.35M","-0.45%"
"04/04/2019","22,000.0","22,100.0","22,300.0","21,700.0","2.03M","0.92%"
"03/04/2019","21,800.0","21,850.0","21,950.0","21,600.0","5.02M","-0.91%"
"02/04/2019","22,000.0","22,500.0","22,550.0","22,000.0","2.53M","-1.12%"
"01/04/2019","22,250.0","22,550.0","22,550.0","22,150.0","2.77M","-0.89%"
"29/03/2019","22,450.0","22,750.0","22,800.0","22,400.0","4.16M","-0.88%"
"28/03/2019","22,650.0","22,300.0","22,750.0","22,300.0","2.59M","0.67%"
"27/03/2019","22,500.0","22,500.0","22,800.0","22,300.0","3.37M","0.67%"
"26/03/2019","22,350.0","22,450.0","22,650.0","22,200.0","3.00M","0.90%"
"25/03/2019","22,150.0","22,000.0","22,200.0","21,650.0","7.19M","-1.56%"
"22/03/2019","22,500.0","22,350.0","22,600.0","22,050.0","6.19M","1.81%"
"21/03/2019","22,100.0","23,000.0","23,100.0","22,100.0","7.18M","-3.91%"
"20/03/2019","23,000.0","22,900.0","23,150.0","22,550.0","9.02M","-0.43%"
"19/03/2019","23,100.0","23,400.0","23,400.0","22,950.0","7.50M","-1.28%"
"18/03/2019","23,400.0","22,900.0","23,450.0","22,850.0","10.11M","3.08%"
"15/03/2019","22,700.0","22,300.0","22,900.0","22,200.0","8.57M","0.89%"
"14/03/2019","22,500.0","22,500.0","22,750.0","22,350.0","5.17M","-0.22%"
"13/03/2019","22,550.0","22,350.0","22,750.0","22,100.0","14.62M","2.04%"
"12/03/2019","22,100.0","21,300.0","22,100.0","21,000.0","9.10M","4.74%"
"11/03/2019","21,100.0","21,200.0","21,300.0","21,000.0","3.18M","-0.47%"
"08/03/2019","21,200.0","21,300.0","21,500.0","21,150.0","5.36M","-1.40%"
"07/03/2019","21,500.0","21,500.0","21,700.0","21,350.0","8.03M","0.94%"
"06/03/2019","21,300.0","21,300.0","21,400.0","21,100.0","3.60M","0.24%"
"05/03/2019","21,250.0","21,200.0","21,700.0","21,050.0","7.94M","0.24%"
"04/03/2019","21,200.0","20,900.0","21,350.0","20,850.0","6.80M","1.92%"
"01/03/2019","20,800.0","20,900.0","20,950.0","20,650.0","4.48M","0.00%"
"28/02/2019","20,800.0","21,150.0","21,250.0","20,650.0","8.05M","-1.65%"
"27/02/2019","21,150.0","21,450.0","21,450.0","21,100.0","5.03M","-0.94%"
"26/02/2019","21,350.0","21,200.0","21,450.0","21,000.0","6.55M","0.23%"
"25/02/2019","21,300.0","21,500.0","21,600.0","21,300.0","5.93M","0.95%"
"22/02/2019","21,100.0","20,400.0","21,200.0","20,200.0","13.19M","3.43%"
"21/02/2019","20,400.0","20,650.0","20,650.0","20,300.0","7.15M","-0.97%"
"20/02/2019","20,600.0","20,500.0","20,900.0","20,450.0","5.48M","0.49%"
"19/02/2019","20,500.0","20,850.0","21,050.0","20,500.0","8.89M","-1.91%"
"18/02/2019","20,900.0","20,900.0","21,200.0","20,800.0","6.83M","0.48%"
"15/02/2019","20,800.0","20,700.0","21,100.0","20,600.0","4.25M","-0.24%"
"14/02/2019","20,850.0","20,900.0","21,100.0","20,800.0","5.04M","0.00%"
"13/02/2019","20,850.0","20,800.0","21,250.0","20,750.0","7.59M","0.00%"
"12/02/2019","20,850.0","20,700.0","21,250.0","20,600.0","7.61M","0.72%"
"11/02/2019","20,700.0","20,650.0","20,900.0","20,300.0","3.65M","2.99%"
"01/02/2019","20,100.0","19,500.0","20,150.0","19,500.0","3.64M","2.03%"
"31/01/2019","19,700.0","20,550.0","20,650.0","19,600.0","9.04M","-3.67%"
"30/01/2019","20,450.0","20,750.0","20,850.0","20,450.0","2.57M","-1.45%"
"29/01/2019","20,750.0","20,250.0","20,800.0","20,100.0","6.60M","1.97%"
"28/01/2019","20,350.0","20,200.0","20,450.0","20,100.0","4.44M","0.74%"
"25/01/2019","20,200.0","20,400.0","20,600.0","20,050.0","5.98M","-1.22%"
"24/01/2019","20,450.0","20,000.0","20,500.0","19,900.0","8.81M","2.51%"
"23/01/2019","19,950.0","19,450.0","20,050.0","19,300.0","6.94M","2.05%"
"22/01/2019","19,550.0","19,700.0","20,100.0","19,450.0","9.15M","0.51%"
"21/01/2019","19,450.0","18,350.0","19,450.0","18,300.0","11.45M","6.87%"
"18/01/2019","18,200.0","18,600.0","18,600.0","18,200.0","3.40M","-1.36%"
"17/01/2019","18,450.0","18,700.0","18,900.0","18,450.0","3.17M","-1.34%"
"16/01/2019","18,700.0","19,000.0","19,100.0","18,600.0","3.65M","-1.06%"
"15/01/2019","18,900.0","18,800.0","19,100.0","18,750.0","3.07M","0.53%"
"14/01/2019","18,800.0","18,600.0","19,050.0","18,550.0","4.81M","0.00%"
"11/01/2019","18,800.0","18,800.0","19,250.0","18,700.0","4.03M","-0.27%"
"10/01/2019","18,850.0","18,400.0","19,150.0","18,300.0","7.33M","2.72%"
"09/01/2019","18,350.0","18,000.0","18,700.0","17,900.0","5.95M","2.51%"
"08/01/2019","17,900.0","18,250.0","18,250.0","17,800.0","5.64M","-1.38%"
"07/01/2019","18,150.0","18,800.0","18,800.0","18,150.0","3.98M","-1.09%"
"04/01/2019","18,350.0","18,050.0","18,550.0","17,700.0","3.80M","1.38%"
"03/01/2019","18,100.0","19,000.0","19,200.0","18,050.0","5.51M","-4.74%"
"02/01/2019","19,000.0","19,250.0","19,450.0","19,000.0","2.42M","-1.55%"