Ngày,Lần cuối,Mở,Cao,Thấp,KL,% Thay đổi
4/1/2021,76645,75871,77264,75329,1.09M,1.12%
5/1/2021,76877,76645,77884,76645,943.22K,0.30%
6/1/2021,81290,77032,82219,76877,2.65M,5.74%
7/1/2021,82838,80516,84000,80516,1.13M,1.90%
8/1/2021,81135,83613,83613,80903,1.23M,-2.06%
11/1/2021,80903,80980,81832,80593,1.08M,-0.29%
12/1/2021,81755,81755,81755,80671,810.13K,1.05%
13/01/2021,81135,81755,82142,80516,1.36M,-0.76%
14/01/2021,80438,81290,81445,79974,1.06M,-0.86%
15/01/2021,79896,81135,81213,79355,1.40M,-0.67%
18/01/2021,79974,80129,81290,79742,1.35M,0.10%
19/01/2021,76645,79819,79974,74400,1.44M,-4.16%
20/01/2021,76722,76645,81987,75871,2.67M,0.10%
21/01/2021,79742,76722,79742,75871,1.64M,3.94%
22/01/2021,79742,79742,80516,78967,1.62M,0.00%
25/01/2021,79355,78271,79742,78271,926.25K,-0.49%
26/01/2021,78116,79355,79355,76645,1.24M,-1.56%
27/01/2021,75406,76722,77419,72696,2.00M,-3.47%
28/01/2021,70142,71226,72232,70142,1.54M,-6.98%
29/01/2021,72000,66193,75019,66193,1.73M,2.65%
1/2/2021,70529,74322,74322,70451,1.67M,-2.04%
2/2/2021,74709,71226,74864,71226,1.36M,5.93%
3/2/2021,76567,75793,76645,74787,1.86M,2.49%
4/2/2021,76567,76567,76645,72696,1.23M,0.00%
5/2/2021,77419,76567,77419,75793,1.15M,1.11%
8/2/2021,72851,76645,77264,72077,3.70M,-5.90%
9/2/2021,75251,75096,75406,72077,3.80M,3.29%
17/02/2021,77419,75484,77419,75484,1.35M,2.88%
18/02/2021,78967,76645,78967,75871,2.16M,2.00%
19/02/2021,78425,76800,78735,76722,2.36M,-0.69%
22/02/2021,77884,77806,78967,77651,1.77M,-0.69%
23/02/2021,77419,77419,78193,76800,1.84M,-0.60%
24/02/2021,75948,77806,78193,74709,1.61M,-1.90%
25/02/2021,76025,76645,77032,75561,1.14M,0.10%
26/02/2021,76025,75329,76645,75096,1.37M,0.00%
1/3/2021,76800,76025,76877,76025,1.16M,1.02%
2/3/2021,76877,77419,78813,75871,1.52M,0.10%
3/3/2021,76180,76103,76955,76025,1.17M,-0.91%
4/3/2021,75329,76335,77032,72077,1.43M,-1.12%
5/3/2021,74632,75174,75251,73548,2.12M,-0.93%
8/3/2021,73703,75096,75096,73548,1.92M,-1.24%
9/3/2021,73548,73548,73548,72077,1.72M,-0.21%
10/3/2021,73935,73548,74167,72774,1.36M,0.53%
11/3/2021,74555,74167,74942,74167,1.29M,0.84%
12/3/2021,74167,74555,74709,73161,1.61M,-0.52%
15/03/2021,74555,74322,75096,73935,1.84M,0.52%
16/03/2021,74090,74322,74322,73626,836.80K,-0.62%
17/03/2021,74013,73935,74167,73548,1.58M,-0.10%
18/03/2021,75484,74477,75484,73935,2.05M,1.99%
19/03/2021,72929,75174,75174,72929,2.04M,-3.38%
22/03/2021,75096,74322,75484,73858,2.43M,2.97%
23/03/2021,74167,75019,75019,73858,1.20M,-1.24%
24/03/2021,73316,73548,74245,72851,1.82M,-1.15%
25/03/2021,73626,73316,74322,73161,1.48M,0.42%
26/03/2021,73471,73548,73935,72542,1.53M,-0.21%
29/03/2021,73780,73703,74167,72387,1.53M,0.42%
30/03/2021,73393,73780,73780,72851,2.23M,-0.52%
31/03/2021,73393,73161,73626,72851,1.21M,0.00%
1/4/2021,75019,73703,75638,73703,3.44M,2.22%
2/4/2021,75716,75484,76258,75019,2.91M,0.93%
5/4/2021,78967,77419,79587,76335,4.58M,4.29%
6/4/2021,78890,78967,79355,77806,2.86M,-0.10%
7/4/2021,78890,78193,78967,77729,1.51M,0.00%
8/4/2021,77419,78890,78890,77032,2.01M,-1.86%
9/4/2021,75484,77032,77032,75484,2.68M,-2.50%
12/4/2021,76567,76258,76800,75406,3.41M,1.43%
13/04/2021,75484,77419,77419,75484,2.13M,-1.41%
14/04/2021,76413,75329,76413,75019,1.71M,1.23%
15/04/2021,75484,77264,77264,74942,2.75M,-1.22%
16/04/2021,74555,75329,76258,74322,1.93M,-1.23%
19/04/2021,76258,75096,76258,74167,1.77M,2.28%
20/04/2021,79742,76722,81290,76258,8.01M,4.57%
22/04/2021,79742,79742,81755,79122,3.80M,0.00%
23/04/2021,80516,79742,80516,77806,2.92M,0.97%
26/04/2021,76335,80516,80516,75793,4.59M,-5.19%
27/04/2021,76645,76335,77109,75638,1.52M,0.41%
28/04/2021,76645,76645,76877,75638,1.82M,0.00%
29/04/2021,77419,76645,77419,75871,2.06M,1.01%
4/5/2021,76722,76645,77109,75871,1.91M,-0.90%
5/5/2021,78348,76722,78967,76722,2.33M,2.12%
6/5/2021,76877,78348,78735,76645,1.48M,-1.88%
7/5/2021,75096,76567,76645,74864,2.92M,-2.32%
10/5/2021,75948,74864,76025,74245,2.14M,1.13%
11/5/2021,75793,76025,76877,75484,1.49M,-0.20%
12/5/2021,75329,75793,75793,75096,1.55M,-0.61%
13/05/2021,74942,75251,75716,74942,2.17M,-0.51%
14/05/2021,75019,75406,76103,74787,1.79M,0.10%
17/05/2021,74322,75174,75329,74167,2.19M,-0.93%
18/05/2021,73238,73780,74322,73161,2.68M,-1.46%
19/05/2021,72851,73238,73238,72619,2.14M,-0.53%
20/05/2021,76645,72851,76645,72851,2.43M,5.21%
21/05/2021,74942,74555,75871,74322,1.86M,-2.22%
24/05/2021,75406,75484,76258,74709,2.32M,0.62%
25/05/2021,77264,75406,77419,75406,4.87M,2.46%
26/05/2021,77729,77342,78813,77187,3.01M,0.60%
27/05/2021,76413,77729,77729,75871,1.86M,-1.69%
28/05/2021,77109,76645,78271,75561,2.80M,0.91%
31/05/2021,76335,78193,78193,76103,3.34M,-1.00%
1/6/2021,80284,76955,80671,76413,5.78M,5.17%
2/6/2021,82064,80516,83225,80284,5.45M,2.22%
3/6/2021,82606,82142,83613,82064,3.58M,0.66%
4/6/2021,81213,82451,82451,80593,3.07M,-1.69%
7/6/2021,79742,80748,81213,78348,3.79M,-1.81%
8/6/2021,77419,79742,80516,77419,3.00M,-2.91%
9/6/2021,78967,77419,78967,76800,3.05M,2.00%
10/6/2021,78813,78967,79664,77419,2.89M,-0.20%
11/6/2021,79587,78271,80129,77806,2.61M,0.98%
14/06/2021,78967,79045,80051,78425,1.86M,-0.78%
15/06/2021,79587,79045,79742,78193,1.81M,0.79%
16/06/2021,80516,79355,82064,79355,3.70M,1.17%
17/06/2021,80671,80516,81290,78967,1.99M,0.19%
18/06/2021,84000,80903,84387,80748,4.13M,4.13%
21/06/2021,82529,83613,83767,82064,2.69M,-1.75%
22/06/2021,83303,82916,84000,82451,1.89M,0.94%
23/06/2021,84929,83613,85935,82838,2.87M,1.95%
24/06/2021,85703,85161,85780,83458,1.46M,0.91%
25/06/2021,87174,85703,87329,84309,2.15M,1.72%
28/06/2021,87174,87174,87484,86013,1.95M,0.00%
29/06/2021,88258,86709,88258,86322,2.36M,1.24%
30/06/2021,90116,88258,90735,88258,3.53M,2.11%
1/7/2021,90116,90348,90425,89032,2.34M,0.00%
2/7/2021,88954,90116,90271,88258,2.20M,-1.29%
5/7/2021,87948,88180,88180,85858,2.61M,-1.13%
6/7/2021,86709,87096,89032,86709,2.13M,-1.41%
7/7/2021,87793,86709,87793,82064,3.42M,1.25%
8/7/2021,85935,86090,87484,84387,1.77M,-2.12%
9/7/2021,85006,85161,86013,82684,3.75M,-1.08%
12/7/2021,82916,84774,84774,79819,3.17M,-2.46%
13/07/2021,80051,82761,82761,79045,2.38M,-3.46%
14/07/2021,78813,80051,80129,77419,2.87M,-1.55%
15/07/2021,79355,77574,80903,77574,2.96M,0.69%
16/07/2021,79355,79355,80051,78193,1.87M,0.00%
19/07/2021,75096,77419,77574,74245,3.24M,-5.37%
20/07/2021,77574,75716,78193,72387,3.04M,3.30%
21/07/2021,76645,77032,77806,76103,1.87M,-1.20%
22/07/2021,77651,76567,77961,75871,1.86M,1.31%
23/07/2021,75096,76877,77264,75096,2.17M,-3.29%
26/07/2021,74322,74709,75484,74090,1.61M,-1.03%
27/07/2021,73548,75484,75561,73548,3.39M,-1.04%
28/07/2021,75096,73626,75096,73626,1.90M,2.10%
29/07/2021,75793,75406,75793,75096,1.52M,0.93%
30/07/2021,75871,75329,76490,75251,1.73M,0.10%
2/8/2021,75096,75096,76413,74632,1.64M,-1.02%
3/8/2021,76490,75174,76490,75096,1.62M,1.86%
4/8/2021,76258,76800,76877,75948,1.48M,-0.30%
5/8/2021,76955,75871,77032,75793,1.44M,0.91%
6/8/2021,75948,77264,77264,75948,1.42M,-1.31%
9/8/2021,76103,75948,76567,75638,1.57M,0.20%
10/8/2021,76645,76645,76800,76258,1.99M,0.71%
11/8/2021,77806,76877,78735,76722,2.18M,1.51%
12/8/2021,77342,77806,78038,77032,1.26M,-0.60%
13/08/2021,77109,77342,77342,76103,1.70M,-0.30%
16/08/2021,77884,77109,77884,76645,2.54M,1.01%
17/08/2021,78193,79355,79742,78193,2.15M,0.40%
18/08/2021,78193,78193,79355,77187,2.36M,0.00%
19/08/2021,79587,77961,79742,77264,3.29M,1.78%
20/08/2021,77496,78348,78890,76955,2.29M,-2.63%
23/08/2021,75329,76645,77419,74787,2.73M,-2.80%
24/08/2021,75096,76800,76800,74709,1.36M,-0.31%
25/08/2021,75484,75096,76645,74942,1.36M,0.52%
26/08/2021,74942,75716,76645,74942,1.37M,-0.72%
27/08/2021,75716,74322,76258,74322,1.41M,1.03%
30/08/2021,76877,76180,76955,75716,1.56M,1.53%
31/08/2021,76955,77032,77342,76103,953.81K,0.10%
1/9/2021,76955,76955,77342,74322,1.16M,0.00%
6/9/2021,77419,76955,77496,76955,1.15M,0.60%
7/9/2021,77419,77342,78038,77264,1.33M,0.00%
8/9/2021,77187,77419,77496,74942,1.10M,-0.30%
9/9/2021,76877,77187,77496,76335,1.04M,-0.40%
10/9/2021,76800,77264,77264,76335,1.09M,-0.10%
13/09/2021,75948,76490,76645,75948,1.33M,-1.11%
14/09/2021,76103,75948,76258,75096,1.57M,0.20%
15/09/2021,75174,76103,76103,75174,1.02M,-1.22%
16/09/2021,75948,76567,76567,75484,727.83K,1.03%
17/09/2021,75251,75484,76180,75251,1.28M,-0.92%
20/09/2021,77109,75329,78193,75329,1.63M,2.47%
21/09/2021,75871,77032,77264,75871,1.10M,-1.61%
22/09/2021,77032,76180,77032,75871,462.93K,1.53%
23/09/2021,77032,77109,77729,76258,862.58K,0.00%
24/09/2021,77032,77032,77264,76877,580.20K,0.00%
27/09/2021,75871,77032,77187,75871,593.98K,-1.51%
28/09/2021,76800,75716,76877,75484,618.22K,1.22%
29/09/2021,76258,77032,77032,75484,720.94K,-0.71%
30/09/2021,75251,76258,76335,75174,1.53M,-1.32%
1/10/2021,74245,75329,76025,74167,2.06M,-1.34%
4/10/2021,73238,74322,74709,73084,1.17M,-1.36%
5/10/2021,74013,73626,74400,73626,1.24M,1.06%
6/10/2021,74013,74013,74013,73393,881.97K,0.00%
7/10/2021,74942,74013,74942,73548,1.02M,1.26%
8/10/2021,75096,74787,75096,74013,889.37K,0.21%
11/10/2021,75484,75096,76180,74942,1.40M,0.52%
12/10/2021,75096,76103,76103,75096,971.16K,-0.51%
13/10/2021,75096,75793,75871,75096,1.82M,0.00%
14/10/2021,74864,75096,75251,74245,2.28M,-0.31%
15/10/2021,74709,74942,75329,74709,933.39K,-0.21%
18/10/2021,74322,74555,75096,73548,1.59M,-0.52%
19/10/2021,74632,74400,74709,73703,1.07M,0.42%
20/10/2021,73548,74632,74864,72774,1.99M,-1.45%
21/10/2021,72774,73858,74322,72774,1.56M,-1.05%
22/10/2021,73006,73548,73548,72774,306.24K,0.32%
25/10/2021,72851,74245,74245,72851,1.02M,-0.21%
26/10/2021,72774,72851,73238,72464,806.43K,-0.11%
27/10/2021,74400,73238,74709,73006,1.82M,2.23%
28/10/2021,75793,74787,75793,74400,2.26M,1.87%
29/10/2021,75871,75329,76180,75019,1.61M,0.10%
1/11/2021,75096,75948,76025,75096,1.35M,-1.02%
2/11/2021,75793,75406,75871,75329,1.03M,0.93%
3/11/2021,76413,75638,76490,75329,2.34M,0.82%
4/11/2021,76180,76413,76490,75251,1.26M,-0.30%
5/11/2021,75484,75484,76645,75096,1.44M,-0.91%
8/11/2021,76025,75948,76180,75484,1.51M,0.72%
9/11/2021,75174,75871,76335,75096,1.76M,-1.12%
10/11/2021,75561,75174,76025,74942,1.09M,0.51%
11/11/2021,76103,75716,76877,75096,1.42M,0.72%
12/11/2021,76025,76103,76103,75484,784.49K,-0.10%
15/11/2021,75638,76103,76645,75251,978.31K,-0.51%
16/11/2021,75251,75638,76258,75096,901.24K,-0.51%
17/11/2021,75871,75251,75948,75251,1.01M,0.82%
18/11/2021,75096,76103,76103,75096,905.58K,-1.02%
19/11/2021,75174,75251,75793,75174,526.99K,0.10%
22/11/2021,76490,75329,76567,75174,1.30M,1.75%
23/11/2021,76722,76645,76722,76025,700.78K,0.30%
24/11/2021,81135,76800,81755,76800,2.40M,5.75%
25/11/2021,82916,81290,83613,80980,1.88M,2.20%
26/11/2021,81290,82606,83767,80516,1.12M,-1.96%
29/11/2021,78271,79974,81213,78193,1.09M,-3.71%
30/11/2021,76567,80516,80516,76567,1.71M,-2.18%
1/12/2021,76645,76955,78580,76103,703.71K,0.10%
2/12/2021,76722,77651,78038,76490,1.01M,0.10%
3/12/2021,75871,76800,78038,75484,1.02M,-1.11%
6/12/2021,73858,75871,77419,73858,1.29M,-2.65%
7/12/2021,76025,74400,76955,74400,1.05M,2.93%
8/12/2021,76413,75871,76955,75871,647.57K,0.51%
9/12/2021,76800,75406,76955,75329,1.03M,0.51%
10/12/2021,77419,78193,79587,77342,2.40M,0.81%
13/12/2021,77109,78967,78967,76800,1.32M,-0.40%
14/12/2021,76877,77109,77806,76722,1.10M,-0.30%
15/12/2021,77342,77032,77961,76645,934.42K,0.60%
16/12/2021,76722,78038,78038,75948,1.34M,-0.80%
17/12/2021,74709,77419,77419,74709,4.43M,-2.62%
20/12/2021,77032,76258,77032,75948,940.28K,3.11%
21/12/2021,76567,76645,77264,76258,987.75K,-0.60%
22/12/2021,76900,77000,77800,76600,1.92M,0.43%
23/12/2021,76500,77500,78900,76500,1.49M,-0.52%
24/12/2021,78500,76800,78500,76800,849.40K,2.61%
27/12/2021,79800,78900,80300,77900,934.10K,1.66%
28/12/2021,80000,80000,81000,78000,1.17M,0.25%
29/12/2021,79500,79500,79800,79100,440.00K,-0.63%
30/12/2021,78400,79800,79900,77700,920.30K,-1.38%
31/12/2021,78800,79000,79200,78400,422.00K,0.51%
4/1/2022,79000,79000,79400,78000,1.13M,0.25%
5/1/2022,78000,79000,80400,78000,1.60M,-1.27%
6/1/2022,79100,78600,79900,77900,1.22M,1.41%
7/1/2022,79800,79600,79900,78200,966.20K,0.88%
10/1/2022,79500,79700,79900,78500,1.10M,-0.38%
11/1/2022,79400,80000,80000,78500,952.70K,-0.13%
12/1/2022,80000,79400,80000,78000,1.80M,0.76%
13/01/2022,81900,80500,84400,80200,2.53M,2.38%
14/01/2022,83400,81900,83400,81000,1.52M,1.83%
17/01/2022,86200,83000,88000,82300,2.63M,3.36%
18/01/2022,87600,85500,87600,84000,1.70M,1.62%
19/01/2022,86800,87500,87500,85000,914.80K,-0.91%
20/01/2022,87100,85200,87500,83100,2.79M,0.35%
21/01/2022,89200,86900,90000,86100,2.50M,2.41%
24/01/2022,93000,89400,93500,88200,2.73M,4.26%
25/01/2022,95800,92500,96000,89000,2.40M,3.01%
26/01/2022,94500,95800,95800,92600,2.52M,-1.36%
27/01/2022,91000,93000,94500,90400,1.73M,-3.70%
28/01/2022,89000,91000,92000,89000,2.06M,-2.20%
7/2/2022,92400,90600,92900,89500,1.62M,3.82%
8/2/2022,92000,92400,92400,90100,1.15M,-0.43%
9/2/2022,90800,91200,91900,90300,1.58M,-1.30%
10/2/2022,91300,91100,93400,91000,1.83M,0.55%
11/2/2022,90000,91300,91600,90000,1.16M,-1.42%
14/02/2022,86000,88100,88800,86000,3.63M,-4.44%
15/02/2022,87000,86000,88300,83800,2.45M,1.16%
16/02/2022,87000,87500,87900,86400,1.29M,0.00%
17/02/2022,87500,87000,87700,86800,1.43M,0.57%
18/02/2022,87200,86400,87500,86400,1.07M,-0.34%
21/02/2022,87400,86600,87600,86600,1.02M,0.23%
22/02/2022,86800,87000,87000,85000,1.54M,-0.69%
23/02/2022,86900,87000,87000,85800,986.30K,0.12%
24/02/2022,85300,86700,86800,85000,2.08M,-1.84%
25/02/2022,85100,85300,85900,85000,1.62M,-0.23%
28/02/2022,84500,85100,85100,84400,1.32M,-0.71%
1/3/2022,85000,84500,85400,84100,1.30M,0.59%
2/3/2022,85000,85600,85600,84200,1.66M,0.00%
3/3/2022,85500,85000,85500,84700,1.05M,0.59%
4/3/2022,84900,85200,85500,84800,1.06M,-0.70%
7/3/2022,84900,84300,84900,83900,1.00M,0.00%
8/3/2022,81500,83800,84500,81500,2.94M,-4.00%
9/3/2022,83000,81800,83100,81700,1.33M,1.84%
10/3/2022,83500,83000,83700,82900,1.15M,0.60%
11/3/2022,83800,83700,83900,83000,876.10K,0.36%
14/03/2022,84200,83300,84200,83200,1.44M,0.48%
15/03/2022,81100,84000,84100,81000,2.39M,-3.68%
16/03/2022,82500,81300,83200,81300,1.00M,1.73%
17/03/2022,83000,83000,83500,82700,1.22M,0.61%
18/03/2022,84200,83100,85200,82900,1.41M,1.45%
21/03/2022,84900,84200,85500,84000,933.90K,0.83%
22/03/2022,84900,84900,85500,84900,775.10K,0.00%
23/03/2022,84900,84900,85600,84900,966.60K,0.00%
24/03/2022,83500,84900,84900,83500,570.20K,-1.65%
25/03/2022,82500,84000,84000,82000,1.14M,-1.20%
28/03/2022,82400,83000,83000,82000,725.40K,-0.12%
29/03/2022,81900,82400,83000,81600,1.02M,-0.61%
30/03/2022,82000,81800,83500,81500,913.90K,0.12%
31/03/2022,82100,82000,82600,82000,492.40K,0.12%
1/4/2022,82800,82100,83600,81100,900.30K,0.85%
4/4/2022,82600,83200,84100,82600,712.00K,-0.24%
5/4/2022,83000,82800,83200,82600,526.10K,0.48%
6/4/2022,84600,82900,85000,81700,2.01M,1.93%
7/4/2022,83000,84900,85200,83000,928.00K,-1.89%
8/4/2022,83000,83900,83900,82900,788.20K,0.00%
12/4/2022,82400,83000,83200,81600,841.30K,-0.72%
13/04/2022,82400,83000,83100,82000,850.70K,0.00%
14/04/2022,81000,82400,82900,81000,1.15M,-1.70%
15/04/2022,80200,81200,81500,80200,894.80K,-0.99%
18/04/2022,77700,80000,80200,77600,1.24M,-3.12%
19/04/2022,77700,77800,78500,77600,1.00M,0.00%
20/04/2022,78400,78000,78900,77700,904.60K,0.90%
21/04/2022,78400,78400,79200,78200,2.18M,0.00%
22/04/2022,82200,79100,82600,79100,2.78M,4.85%
25/04/2022,81800,82200,83000,77000,2.48M,-0.49%
26/04/2022,80500,79000,80500,79000,1.91M,-1.59%
27/04/2022,81500,79900,82000,78200,1.43M,1.24%
28/04/2022,81500,81500,81600,79500,564.10K,0.00%
29/04/2022,80900,81400,82300,80000,1.26M,-0.74%
4/5/2022,79900,80900,81000,79000,892.60K,-1.24%
5/5/2022,81000,80500,81500,79600,1.02M,1.38%
6/5/2022,79400,79700,81200,79400,775.90K,-1.98%
9/5/2022,77900,78800,80400,77800,1.67M,-1.89%
10/5/2022,80000,77100,80000,77100,926.00K,2.70%
11/5/2022,80000,80000,80300,79000,931.30K,0.00%
12/5/2022,77000,79000,79900,77000,972.30K,-3.75%
13/05/2022,73000,77000,78000,73000,1.96M,-5.19%
16/05/2022,74200,75500,76400,74000,1.56M,1.64%
17/05/2022,76000,74200,77000,73100,2.26M,2.43%
18/05/2022,75400,77000,77000,75000,881.00K,-0.79%
19/05/2022,76000,75000,76700,74800,575.80K,0.80%
20/05/2022,75300,75100,76500,75000,661.80K,-0.92%
23/05/2022,74400,75600,75600,73600,631.60K,-1.20%
24/05/2022,75600,74900,75700,74300,898.70K,1.61%
25/05/2022,77000,76000,77000,74800,817.00K,1.85%
26/05/2022,76700,77000,77100,76000,978.90K,-0.39%
27/05/2022,77400,76700,77400,76300,892.00K,0.91%
30/05/2022,78000,77400,81000,76400,1.33M,0.78%
31/05/2022,78900,78900,78900,78000,483.70K,1.15%
1/6/2022,80500,79000,80500,79000,798.80K,2.03%
2/6/2022,79000,80800,80800,79000,641.40K,-1.86%
3/6/2022,77500,78400,79500,76400,527.80K,-1.90%
6/6/2022,79700,77500,80000,75100,880.50K,2.84%
7/6/2022,81000,79000,82000,78100,933.00K,1.63%
8/6/2022,79200,81000,81000,78800,1.16M,-2.22%
9/6/2022,77800,79000,79900,77700,1.07M,-1.77%
10/6/2022,77700,77800,79000,77400,390.90K,-0.13%
13/06/2022,76400,77000,77000,74100,1.11M,-1.67%
14/06/2022,77000,75500,78100,74000,1.07M,0.79%
15/06/2022,76500,77400,78300,75300,1.24M,-0.65%
16/06/2022,79100,76700,80000,76500,1.21M,3.40%
17/06/2022,76100,77000,78300,76100,1.05M,-3.79%
20/06/2022,76000,79500,79500,75300,1.09M,-0.13%
21/06/2022,77700,76000,77700,75200,937.10K,2.24%
22/06/2022,76000,77900,78000,75000,1.07M,-2.19%
23/06/2022,75900,75100,76700,74900,590.20K,-0.13%
24/06/2022,75000,76200,76300,74600,648.60K,-1.19%
27/06/2022,74900,75500,76000,74800,862.50K,-0.13%
28/06/2022,76300,75000,77000,74800,1.10M,1.87%
29/06/2022,75500,75800,75900,75300,847.50K,-1.05%
30/06/2022,74800,75500,76000,74800,678.40K,-0.93%
1/7/2022,74000,74500,75000,72900,1.38M,-1.07%
4/7/2022,74100,74900,75200,73900,746.20K,0.14%
5/7/2022,74000,74900,74900,73600,1.06M,-0.13%
6/7/2022,72800,73700,73900,68900,1.55M,-1.62%
7/7/2022,75500,72700,75500,71700,1.26M,3.71%
8/7/2022,74000,74900,75000,73900,761.00K,-1.99%
11/7/2022,72000,73300,73500,72000,660.80K,-2.70%
12/7/2022,71900,72100,72600,71700,811.50K,-0.14%
13/07/2022,71800,71800,73400,71400,1.38M,-0.14%
14/07/2022,72400,71800,72800,71600,329.40K,0.84%
15/07/2022,72300,72100,73500,72100,597.50K,-0.14%
18/07/2022,72000,72500,72900,72000,391.40K,-0.41%
19/07/2022,71300,72000,72100,71100,812.10K,-0.97%
20/07/2022,72500,71600,72500,71600,544.90K,1.68%
21/07/2022,72500,72500,72900,72100,1.16M,0.00%
22/07/2022,72500,72100,72700,72000,1.01M,0.00%
25/07/2022,72900,72400,73200,72000,962.70K,0.55%
26/07/2022,73900,73200,74400,73200,1.12M,1.37%
27/07/2022,75000,74000,75000,73700,1.26M,1.49%
28/07/2022,75300,75400,75600,74800,1.16M,0.40%
29/07/2022,74700,75400,75500,74700,1.18M,-0.80%
1/8/2022,77000,74700,77000,74400,1.58M,3.08%
2/8/2022,78900,77000,79200,76000,1.78M,2.47%
3/8/2022,79500,78300,79500,78000,1.01M,0.76%
4/8/2022,82500,79500,82500,79400,2.26M,3.77%
5/8/2022,82000,82000,82400,81100,1.40M,-0.61%
8/8/2022,82000,82000,82500,81900,915.00K,0.00%
9/8/2022,80800,82000,82000,79900,1.22M,-1.46%
10/8/2022,80500,80100,81000,80100,507.50K,-0.37%
11/8/2022,81500,81300,82000,80600,1.17M,1.24%
12/8/2022,81600,81500,81900,80900,1.25M,0.12%
15/08/2022,81800,82000,82300,81700,1.26M,0.25%
16/08/2022,81500,82000,82000,81100,687.10K,-0.37%
17/08/2022,81500,81200,81700,81200,764.00K,0.00%
18/08/2022,81500,81300,82000,81200,1.57M,0.00%
19/08/2022,80900,80600,82000,80600,1.15M,-0.74%
22/08/2022,80000,80100,81500,80000,525.80K,-1.11%
23/08/2022,80200,80000,81300,79900,648.00K,0.25%
24/08/2022,82000,81200,82900,80300,1.08M,2.24%
25/08/2022,82000,82200,82200,81300,538.80K,0.00%
26/08/2022,82500,82000,83700,82000,1.56M,0.61%
29/08/2022,82500,81400,82500,80900,951.50K,0.00%
30/08/2022,86000,82500,86000,82500,2.50M,4.24%
31/08/2022,84000,86000,86500,84000,1.06M,-2.33%
5/9/2022,82600,84000,84300,82500,1.55M,-1.67%
6/9/2022,82700,82600,84000,82100,1.03M,0.12%
7/9/2022,80000,82000,82500,79800,2.29M,-3.26%
8/9/2022,78000,80900,80900,78000,1.07M,-2.50%
9/9/2022,78800,78500,79300,78200,1.03M,1.03%
12/9/2022,79100,79600,79700,78800,700.80K,0.38%
13/09/2022,78600,79400,79400,78600,1.19M,-0.63%
14/09/2022,78300,77200,79500,77000,1.09M,-0.38%
15/09/2022,79200,78500,79300,78100,611.90K,1.15%
16/09/2022,80000,79300,80000,78500,1.52M,1.01%
19/09/2022,78800,79000,80200,78000,938.50K,-1.50%
20/09/2022,79200,78800,80000,78600,521.20K,0.51%
21/09/2022,78900,79300,79600,77900,499.20K,-0.38%
22/09/2022,78000,77700,78600,77500,1.18M,-1.14%
23/09/2022,75900,77200,77700,75800,1.03M,-2.69%
26/09/2022,75000,75100,77000,74100,1.26M,-1.19%
27/09/2022,74300,76000,76000,74200,653.40K,-0.93%
28/09/2022,75000,74000,75000,73800,587.70K,0.94%
29/09/2022,74000,76000,76000,74000,587.80K,-1.33%
30/09/2022,73200,73200,74300,72400,1.26M,-1.08%
3/10/2022,70600,73500,73800,70300,894.90K,-3.55%
4/10/2022,71300,70000,71900,69500,1.28M,0.99%
5/10/2022,71500,71400,72000,71100,835.00K,0.28%
6/10/2022,70100,72000,72000,69900,751.50K,-1.96%
7/10/2022,66700,69600,69600,65300,2.11M,-4.85%
10/10/2022,65100,66500,67700,64100,1.32M,-2.40%
11/10/2022,62000,65300,66000,62000,1.16M,-4.76%
12/10/2022,64000,63000,65300,62200,1.52M,3.23%
13/10/2022,66500,64100,66500,62700,1.60M,3.91%
14/10/2022,68100,68500,68500,67300,1.60M,2.41%
17/10/2022,66300,67300,68000,65500,1.24M,-2.64%
18/10/2022,67700,68000,68000,67300,885.00K,2.11%
19/10/2022,67900,67900,68000,67300,627.40K,0.30%
20/10/2022,69200,67900,70000,67100,1.52M,1.91%
21/10/2022,68000,69200,70700,68000,1.28M,-1.73%
24/10/2022,68000,69500,69500,65800,670.10K,0.00%
25/10/2022,69900,66000,70600,66000,1.54M,2.79%
26/10/2022,70000,70600,70600,68500,591.40K,0.14%
27/10/2022,71700,70500,72900,69300,1.30M,2.43%
28/10/2022,71600,72500,74500,71600,1.56M,-0.14%
31/10/2022,73500,73500,73500,72500,659.40K,2.65%
1/11/2022,75000,74000,75000,73300,826.10K,2.04%
2/11/2022,73600,74000,74500,72000,1.26M,-1.87%
3/11/2022,73000,72000,73400,72000,726.60K,-0.82%
4/11/2022,71800,71500,72500,68900,1.54M,-1.64%
7/11/2022,71800,71800,73000,71100,1.23M,0.00%
8/11/2022,72600,72000,75000,71600,1.66M,1.11%
9/11/2022,74000,73500,74200,72600,1.21M,1.93%
10/11/2022,72800,73900,73900,71600,958.50K,-1.62%
11/11/2022,75500,73000,75500,73000,1.31M,3.71%
14/11/2022,75100,75500,76500,74100,1.54M,-0.53%
15/11/2022,75000,74400,76400,72100,1.58M,-0.13%
16/11/2022,75100,70300,78000,70300,2.35M,0.13%
17/11/2022,76500,76100,76600,75500,1.65M,1.86%
18/11/2022,76500,75900,76900,73600,1.56M,0.00%
21/11/2022,75000,76500,76500,75000,1.11M,-1.96%
22/11/2022,73500,74500,76000,72500,1.94M,-2.00%
23/11/2022,73500,73000,73500,72400,794.20K,0.00%
24/11/2022,73000,73500,74000,72500,1.08M,-0.68%
25/11/2022,73100,73100,73600,72800,1.68M,0.14%
28/11/2022,76700,74500,77000,73800,1.34M,4.92%
29/11/2022,79800,76000,79800,76000,1.71M,4.04%
30/11/2022,81000,80300,81000,77000,1.32M,1.50%
1/12/2022,80000,80900,81400,79200,1.18M,-1.23%
2/12/2022,85000,79900,85000,79300,1.24M,6.25%
5/12/2022,85000,84100,87000,82500,1.66M,0.00%
6/12/2022,80000,85000,85200,80000,1.31M,-5.88%
7/12/2022,78500,80000,82000,78000,1.46M,-1.88%
8/12/2022,77000,79000,81000,77000,2.11M,-1.91%
9/12/2022,77300,78400,79200,77100,1.68M,0.39%
12/12/2022,77400,78800,80500,77400,2.11M,0.13%
13/12/2022,78200,78100,79300,77900,2.23M,1.03%
14/12/2022,78800,79700,79700,78500,1.08M,0.77%
15/12/2022,79500,78800,80700,78600,1.25M,0.89%
16/12/2022,79700,79500,82900,78900,3.16M,0.25%
19/12/2022,79200,80000,81000,79000,757.50K,-0.63%
20/12/2022,79000,79700,82000,79000,1.42M,-0.25%
21/12/2022,78700,81400,81400,78700,962.00K,-0.38%
22/12/2022,79300,79500,81100,79300,1.07M,0.76%
23/12/2022,79100,80200,81200,79100,1.08M,-0.25%
26/12/2022,78900,79200,80800,78900,1.20M,-0.25%
27/12/2022,79100,80200,80500,78900,1.06M,0.25%
28/12/2022,80000,80400,82000,79500,1.17M,1.14%
29/12/2022,80700,82300,82500,80500,1.24M,0.88%
30/12/2022,80000,82900,83100,80000,1.51M,-0.87%
3/1/2023,82600,80200,82600,80200,1.09M,3.25%
4/1/2023,82800,82900,82900,81800,837.90K,0.24%
5/1/2023,84000,82800,84000,82500,1.08M,1.45%
6/1/2023,84000,84000,84800,83900,1.13M,0.00%
9/1/2023,86900,85800,86900,84800,1.67M,3.45%
10/1/2023,87300,86200,89900,86200,2.11M,0.46%
11/1/2023,85100,87300,87300,85100,983.00K,-2.52%
12/1/2023,84800,85200,85200,83800,1.88M,-0.35%
13/01/2023,85800,85200,86500,85200,822.00K,1.18%
16/01/2023,87300,86000,88500,86000,735.20K,1.75%
17/01/2023,89400,88500,89400,87300,644.60K,2.41%
18/01/2023,90000,90000,91000,89400,834.00K,0.67%
19/01/2023,93000,89500,96000,87500,1.72M,3.33%
27/01/2023,93000,93000,94600,91500,1.55M,0.00%
30/01/2023,89900,92100,92500,89800,1.05M,-3.33%
31/01/2023,91900,89900,91900,87800,1.45M,2.22%
1/2/2023,89100,92000,92500,89100,1.14M,-3.05%
2/2/2023,90600,88600,92000,88600,984.60K,1.68%
3/2/2023,93000,90300,93000,89100,893.40K,2.65%
6/2/2023,96000,92600,96300,91500,1.15M,3.23%
7/2/2023,92000,95300,95500,92000,1.20M,-4.17%
8/2/2023,94200,92100,96200,92100,884.80K,2.39%
9/2/2023,93000,93800,95000,93000,759.40K,-1.27%
10/2/2023,94500,94500,94500,92800,647.70K,1.61%
13/02/2023,93500,94800,95400,92000,872.70K,-1.06%
14/02/2023,92500,93500,93500,91200,1.14M,-1.07%
15/02/2023,93000,92500,94200,91200,899.30K,0.54%
16/02/2023,92400,93000,94000,92200,776.60K,-0.65%
17/02/2023,93000,93000,93300,92000,918.90K,0.65%
20/02/2023,93800,93000,94500,93000,1.10M,0.86%
21/02/2023,94200,94200,94900,94000,675.50K,0.43%
22/02/2023,93000,94200,94300,92500,1.03M,-1.27%
23/02/2023,93300,93000,94000,91200,1.03M,0.32%
24/02/2023,93500,93000,94000,90000,631.40K,0.21%
27/02/2023,92800,93000,93500,91700,501.00K,-0.75%
28/02/2023,93500,93100,93700,92600,565.80K,0.75%
1/3/2023,93000,92300,93400,92200,729.70K,-0.53%
2/3/2023,93200,93000,93800,91800,984.70K,0.22%
3/3/2023,90900,91800,92800,90900,798.60K,-2.47%
6/3/2023,91000,91000,92200,91000,711.90K,0.11%
7/3/2023,91900,91500,92500,91100,970.30K,0.99%
8/3/2023,92200,91000,92200,90700,871.90K,0.33%
9/3/2023,93000,92000,93400,91700,1.10M,0.87%
10/3/2023,92100,92200,92500,91500,707.80K,-0.97%
13/03/2023,91500,92000,92000,90800,759.20K,-0.65%
14/03/2023,91000,91000,91200,90500,863.70K,-0.55%
15/03/2023,91400,91600,92000,91100,807.80K,0.44%
16/03/2023,91000,91000,92000,89500,806.00K,-0.44%
17/03/2023,89000,91000,91100,89000,2.27M,-2.20%
20/03/2023,85100,89000,89500,85100,1.03M,-4.38%
21/03/2023,86500,85400,89900,85400,1.06M,1.65%
22/03/2023,89000,86600,89900,86600,1.06M,2.89%
23/03/2023,90700,88800,90700,87300,849.50K,1.91%
24/03/2023,89000,91000,91000,88900,630.00K,-1.87%
27/03/2023,91000,89000,91000,88000,730.10K,2.25%
28/03/2023,91800,90800,92900,90100,845.80K,0.88%
29/03/2023,92300,92500,92500,90500,422.80K,0.54%
30/03/2023,92700,92300,93200,92000,409.70K,0.43%
31/03/2023,91400,92800,93200,90500,950.60K,-1.40%
3/4/2023,92800,91700,92900,91200,736.70K,1.53%
4/4/2023,92000,92800,92900,91600,269.90K,-0.86%
5/4/2023,92100,92300,92300,91100,336.00K,0.11%
6/4/2023,91200,91500,92100,91200,376.30K,-0.98%
7/4/2023,90000,91000,91100,89500,747.20K,-1.32%
10/4/2023,89000,90000,90000,89000,639.30K,-1.11%
11/4/2023,88200,89000,90000,88200,751.60K,-0.90%
12/4/2023,88300,88300,88600,88000,518.40K,0.11%
13/04/2023,88200,88300,88500,87800,491.00K,-0.11%
14/04/2023,88400,88300,89100,88200,414.80K,0.23%
17/04/2023,88400,88400,88500,87800,488.90K,0.00%
18/04/2023,88000,88300,88600,87500,695.10K,-0.45%
19/04/2023,88500,88100,88700,88000,416.90K,0.57%
20/04/2023,88300,88800,88800,88000,257.80K,-0.23%
21/04/2023,87500,88000,88100,87400,356.50K,-0.91%
24/04/2023,87900,88000,88500,87000,505.80K,0.46%
25/04/2023,88300,88200,88500,87500,545.80K,0.46%
26/04/2023,89400,88000,89500,87900,710.20K,1.25%
27/04/2023,90000,88700,90500,88400,580.40K,0.67%
28/04/2023,90500,90000,90500,88800,704.70K,0.56%
